0,"[ 0.00000000e+00  1.24031745e-01 -1.93505187e+00  4.93390314e-02
  3.81084816e-02  3.87226606e+00 -7.39706770e+00 -1.25158557e-07
  3.48409638e-08 -6.02780528e+00 -6.73242018e-12]",2975007.6051959647
0,"[ 5.76421261e-01 -3.04825660e+00 -5.11655351e+00  4.93390314e-02
  3.81084816e-02  1.64365543e+00 -6.01876916e-05 -1.25158557e-07
  3.48409638e-08 -5.61318554e+00 -6.73242018e-12]",3635403.457969182
0,"[ 5.90398044e+00  5.34360650e+00  2.36177734e+00 -4.51653920e+00
  9.48496711e+00  8.13236610e-05  5.48422512e+00 -1.25158557e-07
  3.48409638e-08 -3.38437963e+00 -8.61979066e+00]",3672292.263543099
0,"[ 8.98443852e+00  1.24031745e-01  8.82886020e+00  4.93390314e-02
  3.81084816e-02  8.13236610e-05  9.29830180e+00  1.13917437e+00
  3.48409638e-08  5.33344798e+00 -6.73242018e-12]",3672961.9386523003
0,"[ 6.42577058e+00  8.25245731e+00  5.13093268e+00  4.93390314e-02
  3.81084816e-02  8.13236610e-05 -6.01876916e-05 -4.22295851e+00
  3.48409638e-08  8.68010624e+00 -6.73242018e-12]",3675363.1347357435
0,"[ 5.78437302e+00 -1.42292536e+00  1.59745538e+00  4.93390314e-02
  3.81084816e-02  8.13236610e-05 -6.01876916e-05 -8.49831322e+00
  3.48409638e-08  6.44043452e+00 -6.73242018e-12]",3675968.547103318
0,"[ 1.13173893e+00  2.83651994e+00 -6.21194106e+00 -3.42970982e+00
  3.81084816e-02  8.13236610e-05 -6.01876916e-05 -1.25158557e-07
  7.60712530e-01  1.86530145e+00 -6.73242018e-12]",3680402.0211846638
0,"[ 2.77039122e-01  1.24031745e-01 -6.21194106e+00  7.72543670e+00
 -6.55849557e+00  9.73545839e-01 -6.01876916e-05 -3.37200227e+00
  3.48409638e-08  4.16149250e-11 -4.70439090e-01]",3681224.462880908
0,"[ 0.00000000e+00  1.24031745e-01 -6.21194106e+00  4.93390314e-02
 -6.93428028e+00  4.60818929e+00 -6.01876916e-05 -1.25158557e-07
 -1.06179022e+00  4.16149250e-11 -6.73242018e-12]",3681491.578993837
0,"[-6.44788528e+00  1.24031745e-01 -6.21194106e+00  4.93390314e-02
  3.81084816e-02  8.13236610e-05 -6.01876916e-05 -1.25158557e-07
 -8.21204314e-01  4.16149250e-11 -9.13719525e+00]",3687782.2280332954
0,"[ 9.87756954e-01 -7.79543299e+00  2.57298037e+00  7.14183599e+00
  3.81084816e-02  8.13236610e-05  8.73558973e+00 -1.25158557e-07
  3.48409638e-08  4.16149250e-11 -1.09170119e+00]",3687800.485152947
0,"[ 9.92336336e+00 -5.46241118e-01 -6.21194106e+00  4.93390314e-02
  3.81084816e-02  8.13236610e-05 -6.01876916e-05 -1.25158557e-07
  2.22487105e+00  4.16149250e-11 -9.82260329e+00]",3688247.381559155
0,"[-7.13051652e+00 -7.82516143e+00 -6.21194106e+00  4.93390314e-02
  4.79467799e+00  6.75672267e-02  9.77780724e+00 -1.25158557e-07
  3.48409638e-08  4.16149250e-11 -6.73242018e-12]",3688456.4876041645
0,"[-7.63250729e+00  4.12127128e+00 -6.21194106e+00  4.93390314e-02
  3.81084816e-02  8.13236610e-05  6.18637029e+00 -1.25158557e-07
  3.48409638e-08  4.16149250e-11 -6.73242018e-12]",3688953.332984026
0,"[-8.47784593e+00  1.24031745e-01 -2.80994016e+00 -1.40757649e+00
  4.58627800e+00  8.13236610e-05 -6.01876916e-05 -9.54569693e-01
  3.48409638e-08 -8.41665376e+00 -6.73242018e-12]",3689791.943140685
0,"[ 0.00000000e+00  1.36665106e+00  3.15420781e+00  4.93390314e-02
  3.81084816e-02  8.13236610e-05 -6.01876916e-05 -1.25158557e-07
  5.00512219e+00  6.21613148e+00 -6.73242018e-12]",3709623.9636934046
0,"[ 0.00000000e+00  2.58044571e+00 -1.02138796e+00  4.93390314e-02
  3.81084816e-02  8.13236610e-05  4.65314784e+00 -1.25158557e-07
  3.48409638e-08  4.16149250e-11 -6.73242018e-12]",3742581.643775666
0,"[-4.62022609e+00  3.60225947e+00 -6.21194106e+00 -9.05451055e+00
  2.69657572e+00  8.13236610e-05 -6.01876916e-05 -1.25158557e-07
 -5.38739937e+00  1.23394886e-01 -6.73242018e-12]",3774523.483063599
0,"[-7.55683137e+00  4.60202535e+00  5.78569272e+00  4.93390314e-02
  3.81084816e-02  8.13236610e-05 -8.00396066e+00 -1.25158557e-07
  3.48409638e-08 -7.16877486e+00 -6.73242018e-12]",3809489.3587838965
0,"[ 0.00000000e+00  5.25525640e+00 -6.21194106e+00  4.93390314e-02
 -8.95929644e+00  8.13236610e-05 -3.55616613e+00 -9.87046352e+00
  3.48409638e-08  4.16149250e-11 -6.73242018e-12]",3834319.331544601
0,"[ 0.00000000e+00  2.58044571e+00 -1.02138796e+00  4.93390314e-02
  3.81084816e-02  8.13236610e-05  4.65314784e+00 -1.25158557e-07
  3.48409638e-08  4.16149250e-11 -6.73242018e-12]",1.191195645398165e+21
0,"[ 0.00000000e+00  2.58044571e+00 -1.02138796e+00  4.93390314e-02
  3.81084816e-02  8.13236610e-05  4.65314784e+00 -1.25158557e-07
  3.48409638e-08  4.16149250e-11 -6.73242018e-12]",1.191195645398165e+21
0,"[-7.63250729e+00  4.12127128e+00 -6.21194106e+00  4.93390314e-02
  3.81084816e-02  8.13236610e-05  6.18637029e+00 -1.25158557e-07
  3.48409638e-08  4.16149250e-11 -6.73242018e-12]",2.1055144142562095e+21
0,"[-7.63250729e+00  4.12127128e+00 -6.21194106e+00  4.93390314e-02
  3.81084816e-02  8.13236610e-05  6.18637029e+00 -1.25158557e-07
  3.48409638e-08  4.16149250e-11 -6.73242018e-12]",2.1055144142562095e+21
0,"[-7.63250729e+00  4.12127128e+00 -6.21194106e+00  4.93390314e-02
  3.81084816e-02  8.13236610e-05  6.18637029e+00 -1.25158557e-07
  3.48409638e-08  4.16149250e-11 -6.73242018e-12]",2.1055144142562095e+21
0,"[-7.63250729e+00  4.12127128e+00 -6.21194106e+00  4.93390314e-02
  3.81084816e-02  8.13236610e-05  6.18637029e+00 -1.25158557e-07
  3.48409638e-08  4.16149250e-11 -6.73242018e-12]",2.1055144142562095e+21
0,"[-7.63250729e+00  4.12127128e+00 -6.21194106e+00  4.93390314e-02
  3.81084816e-02  8.13236610e-05  6.18637029e+00 -1.25158557e-07
  3.48409638e-08  4.16149250e-11 -6.73242018e-12]",2.1055144142562095e+21
0,"[-7.63250729e+00  4.12127128e+00 -6.21194106e+00  4.93390314e-02
  3.81084816e-02  8.13236610e-05  6.18637029e+00 -1.25158557e-07
  3.48409638e-08  4.16149250e-11 -6.73242018e-12]",2.1055144142562095e+21
0,"[-7.13051652e+00 -7.82516143e+00 -6.21194106e+00  4.93390314e-02
  4.79467799e+00  6.75672267e-02  9.77780724e+00 -1.25158557e-07
  3.48409638e-08  4.16149250e-11 -6.73242018e-12]",5.262518066043648e+21
0,"[-7.13051652e+00 -7.82516143e+00 -6.21194106e+00  4.93390314e-02
  4.79467799e+00  6.75672267e-02  9.77780724e+00 -1.25158557e-07
  3.48409638e-08  4.16149250e-11 -6.73242018e-12]",5.262518066043648e+21
0,"[-7.13051652e+00 -7.82516143e+00 -6.21194106e+00  4.93390314e-02
  4.79467799e+00  6.75672267e-02  9.77780724e+00 -1.25158557e-07
  3.48409638e-08  4.16149250e-11 -6.73242018e-12]",5.262518066043648e+21
0,"[-7.13051652e+00 -7.82516143e+00 -6.21194106e+00  4.93390314e-02
  4.79467799e+00  6.75672267e-02  9.77780724e+00 -1.25158557e-07
  3.48409638e-08  4.16149250e-11 -6.73242018e-12]",5.262518066043648e+21
0,"[ 0.00000000e+00  5.25525640e+00 -6.21194106e+00  4.93390314e-02
 -8.95929644e+00  8.13236610e-05 -3.55616613e+00 -9.87046352e+00
  3.48409638e-08  4.16149250e-11 -6.73242018e-12]",1.1446274680097648e+25
0,"[ 0.00000000e+00  5.25525640e+00 -6.21194106e+00  4.93390314e-02
 -8.95929644e+00  8.13236610e-05 -3.55616613e+00 -9.87046352e+00
  3.48409638e-08  4.16149250e-11 -6.73242018e-12]",1.1446274680097648e+25
0,"[ 0.00000000e+00  5.25525640e+00 -6.21194106e+00  4.93390314e-02
 -8.95929644e+00  8.13236610e-05 -3.55616613e+00 -9.87046352e+00
  3.48409638e-08  4.16149250e-11 -6.73242018e-12]",1.1446274680097648e+25
0,"[ 0.00000000e+00  1.24031745e-01 -6.21194106e+00  4.93390314e-02
 -6.93428028e+00  4.60818929e+00 -6.01876916e-05 -1.25158557e-07
 -1.06179022e+00  4.16149250e-11 -6.73242018e-12]",2.835383638563665e+26
0,"[ 0.00000000e+00  1.24031745e-01 -6.21194106e+00  4.93390314e-02
 -6.93428028e+00  4.60818929e+00 -6.01876916e-05 -1.25158557e-07
 -1.06179022e+00  4.16149250e-11 -6.73242018e-12]",2.835383638563665e+26
0,"[ 0.00000000e+00  1.24031745e-01 -6.21194106e+00  4.93390314e-02
 -6.93428028e+00  4.60818929e+00 -6.01876916e-05 -1.25158557e-07
 -1.06179022e+00  4.16149250e-11 -6.73242018e-12]",2.835383638563665e+26
0,"[ 0.00000000e+00  1.24031745e-01 -6.21194106e+00  4.93390314e-02
 -6.93428028e+00  4.60818929e+00 -6.01876916e-05 -1.25158557e-07
 -1.06179022e+00  4.16149250e-11 -6.73242018e-12]",2.835383638563665e+26
0,"[-4.62022609e+00  3.60225947e+00 -6.21194106e+00 -9.05451055e+00
  2.69657572e+00  8.13236610e-05 -6.01876916e-05 -1.25158557e-07
 -5.38739937e+00  1.23394886e-01 -6.73242018e-12]",1.3794956392942904e+28
0,"[-4.62022609e+00  3.60225947e+00 -6.21194106e+00 -9.05451055e+00
  2.69657572e+00  8.13236610e-05 -6.01876916e-05 -1.25158557e-07
 -5.38739937e+00  1.23394886e-01 -6.73242018e-12]",1.3794956392942904e+28
0,"[-4.62022609e+00  3.60225947e+00 -6.21194106e+00 -9.05451055e+00
  2.69657572e+00  8.13236610e-05 -6.01876916e-05 -1.25158557e-07
 -5.38739937e+00  1.23394886e-01 -6.73242018e-12]",1.3794956392942904e+28
0,"[-4.62022609e+00  3.60225947e+00 -6.21194106e+00 -9.05451055e+00
  2.69657572e+00  8.13236610e-05 -6.01876916e-05 -1.25158557e-07
 -5.38739937e+00  1.23394886e-01 -6.73242018e-12]",1.3794956392942904e+28
0,"[-4.62022609e+00  3.60225947e+00 -6.21194106e+00 -9.05451055e+00
  2.69657572e+00  8.13236610e-05 -6.01876916e-05 -1.25158557e-07
 -5.38739937e+00  1.23394886e-01 -6.73242018e-12]",1.3794956392942904e+28
0,"[-4.62022609e+00  3.60225947e+00 -6.21194106e+00 -9.05451055e+00
  2.69657572e+00  8.13236610e-05 -6.01876916e-05 -1.25158557e-07
 -5.38739937e+00  1.23394886e-01 -6.73242018e-12]",1.3794956392942904e+28
0,"[-4.62022609e+00  3.60225947e+00 -6.21194106e+00 -9.05451055e+00
  2.69657572e+00  8.13236610e-05 -6.01876916e-05 -1.25158557e-07
 -5.38739937e+00  1.23394886e-01 -6.73242018e-12]",1.3794956392942904e+28
0,"[-4.62022609e+00  3.60225947e+00 -6.21194106e+00 -9.05451055e+00
  2.69657572e+00  8.13236610e-05 -6.01876916e-05 -1.25158557e-07
 -5.38739937e+00  1.23394886e-01 -6.73242018e-12]",1.3794956392942904e+28
0,"[ 1.13173893e+00  2.83651994e+00 -6.21194106e+00 -3.42970982e+00
  3.81084816e-02  8.13236610e-05 -6.01876916e-05 -1.25158557e-07
  7.60712530e-01  1.86530145e+00 -6.73242018e-12]",1.8946631403272612e+30
0,"[ 1.13173893e+00  2.83651994e+00 -6.21194106e+00 -3.42970982e+00
  3.81084816e-02  8.13236610e-05 -6.01876916e-05 -1.25158557e-07
  7.60712530e-01  1.86530145e+00 -6.73242018e-12]",1.8946631403272612e+30
0,"[ 1.13173893e+00  2.83651994e+00 -6.21194106e+00 -3.42970982e+00
  3.81084816e-02  8.13236610e-05 -6.01876916e-05 -1.25158557e-07
  7.60712530e-01  1.86530145e+00 -6.73242018e-12]",1.8946631403272612e+30
0,"[ 1.13173893e+00  2.83651994e+00 -6.21194106e+00 -3.42970982e+00
  3.81084816e-02  8.13236610e-05 -6.01876916e-05 -1.25158557e-07
  7.60712530e-01  1.86530145e+00 -6.73242018e-12]",1.8946631403272612e+30
0,"[ 1.13173893e+00  2.83651994e+00 -6.21194106e+00 -3.42970982e+00
  3.81084816e-02  8.13236610e-05 -6.01876916e-05 -1.25158557e-07
  7.60712530e-01  1.86530145e+00 -6.73242018e-12]",1.8946631403272612e+30
0,"[ 1.13173893e+00  2.83651994e+00 -6.21194106e+00 -3.42970982e+00
  3.81084816e-02  8.13236610e-05 -6.01876916e-05 -1.25158557e-07
  7.60712530e-01  1.86530145e+00 -6.73242018e-12]",1.8946631403272612e+30
0,"[ 8.98443852e+00  1.24031745e-01  8.82886020e+00  4.93390314e-02
  3.81084816e-02  8.13236610e-05  9.29830180e+00  1.13917437e+00
  3.48409638e-08  5.33344798e+00 -6.73242018e-12]",1.5460855577547318e+31
0,"[ 8.98443852e+00  1.24031745e-01  8.82886020e+00  4.93390314e-02
  3.81084816e-02  8.13236610e-05  9.29830180e+00  1.13917437e+00
  3.48409638e-08  5.33344798e+00 -6.73242018e-12]",1.5460855577547318e+31
0,"[ 8.98443852e+00  1.24031745e-01  8.82886020e+00  4.93390314e-02
  3.81084816e-02  8.13236610e-05  9.29830180e+00  1.13917437e+00
  3.48409638e-08  5.33344798e+00 -6.73242018e-12]",1.5460855577547318e+31
0,"[ 8.98443852e+00  1.24031745e-01  8.82886020e+00  4.93390314e-02
  3.81084816e-02  8.13236610e-05  9.29830180e+00  1.13917437e+00
  3.48409638e-08  5.33344798e+00 -6.73242018e-12]",1.5460855577547318e+31
0,"[ 5.76421261e-01 -3.04825660e+00 -5.11655351e+00  4.93390314e-02
  3.81084816e-02  1.64365543e+00 -6.01876916e-05 -1.25158557e-07
  3.48409638e-08 -5.61318554e+00 -6.73242018e-12]",1.7121747567656237e+31
0,"[ 5.76421261e-01 -3.04825660e+00 -5.11655351e+00  4.93390314e-02
  3.81084816e-02  1.64365543e+00 -6.01876916e-05 -1.25158557e-07
  3.48409638e-08 -5.61318554e+00 -6.73242018e-12]",1.7121747567656237e+31
0,"[ 5.76421261e-01 -3.04825660e+00 -5.11655351e+00  4.93390314e-02
  3.81084816e-02  1.64365543e+00 -6.01876916e-05 -1.25158557e-07
  3.48409638e-08 -5.61318554e+00 -6.73242018e-12]",1.7121747567656237e+31
0,"[ 5.76421261e-01 -3.04825660e+00 -5.11655351e+00  4.93390314e-02
  3.81084816e-02  1.64365543e+00 -6.01876916e-05 -1.25158557e-07
  3.48409638e-08 -5.61318554e+00 -6.73242018e-12]",1.7121747567656237e+31
0,"[ 5.76421261e-01 -3.04825660e+00 -5.11655351e+00  4.93390314e-02
  3.81084816e-02  1.64365543e+00 -6.01876916e-05 -1.25158557e-07
  3.48409638e-08 -5.61318554e+00 -6.73242018e-12]",1.7121747567656237e+31
0,"[ 0.00000000e+00  1.24031745e-01 -1.93505187e+00  4.93390314e-02
  3.81084816e-02  3.87226606e+00 -7.39706770e+00 -1.25158557e-07
  3.48409638e-08 -6.02780528e+00 -6.73242018e-12]",1.9744639061753154e+31
0,"[ 0.00000000e+00  1.24031745e-01 -1.93505187e+00  4.93390314e-02
  3.81084816e-02  3.87226606e+00 -7.39706770e+00 -1.25158557e-07
  3.48409638e-08 -6.02780528e+00 -6.73242018e-12]",1.9744639061753154e+31
0,"[ 0.00000000e+00  1.24031745e-01 -1.93505187e+00  4.93390314e-02
  3.81084816e-02  3.87226606e+00 -7.39706770e+00 -1.25158557e-07
  3.48409638e-08 -6.02780528e+00 -6.73242018e-12]",1.9744639061753154e+31
0,"[ 0.00000000e+00  1.24031745e-01 -1.93505187e+00  4.93390314e-02
  3.81084816e-02  3.87226606e+00 -7.39706770e+00 -1.25158557e-07
  3.48409638e-08 -6.02780528e+00 -6.73242018e-12]",1.9744639061753154e+31
0,"[ 0.00000000e+00  1.36665106e+00  3.15420781e+00  4.93390314e-02
  3.81084816e-02  8.13236610e-05 -6.01876916e-05 -1.25158557e-07
  5.00512219e+00  6.21613148e+00 -6.73242018e-12]",2.108715347161426e+31
0,"[ 0.00000000e+00  1.36665106e+00  3.15420781e+00  4.93390314e-02
  3.81084816e-02  8.13236610e-05 -6.01876916e-05 -1.25158557e-07
  5.00512219e+00  6.21613148e+00 -6.73242018e-12]",2.108715347161426e+31
0,"[ 0.00000000e+00  1.36665106e+00  3.15420781e+00  4.93390314e-02
  3.81084816e-02  8.13236610e-05 -6.01876916e-05 -1.25158557e-07
  5.00512219e+00  6.21613148e+00 -6.73242018e-12]",2.108715347161426e+31
0,"[ 5.78437302e+00 -1.42292536e+00  1.59745538e+00  4.93390314e-02
  3.81084816e-02  8.13236610e-05 -6.01876916e-05 -8.49831322e+00
  3.48409638e-08  6.44043452e+00 -6.73242018e-12]",2.251277754707471e+31
0,"[ 5.78437302e+00 -1.42292536e+00  1.59745538e+00  4.93390314e-02
  3.81084816e-02  8.13236610e-05 -6.01876916e-05 -8.49831322e+00
  3.48409638e-08  6.44043452e+00 -6.73242018e-12]",2.251277754707471e+31
0,"[ 5.78437302e+00 -1.42292536e+00  1.59745538e+00  4.93390314e-02
  3.81084816e-02  8.13236610e-05 -6.01876916e-05 -8.49831322e+00
  3.48409638e-08  6.44043452e+00 -6.73242018e-12]",2.251277754707471e+31
0,"[ 5.78437302e+00 -1.42292536e+00  1.59745538e+00  4.93390314e-02
  3.81084816e-02  8.13236610e-05 -6.01876916e-05 -8.49831322e+00
  3.48409638e-08  6.44043452e+00 -6.73242018e-12]",2.251277754707471e+31
0,"[ 5.78437302e+00 -1.42292536e+00  1.59745538e+00  4.93390314e-02
  3.81084816e-02  8.13236610e-05 -6.01876916e-05 -8.49831322e+00
  3.48409638e-08  6.44043452e+00 -6.73242018e-12]",2.251277754707471e+31
0,"[-7.55683137e+00  4.60202535e+00  5.78569272e+00  4.93390314e-02
  3.81084816e-02  8.13236610e-05 -8.00396066e+00 -1.25158557e-07
  3.48409638e-08 -7.16877486e+00 -6.73242018e-12]",2.792676515850282e+31
0,"[-7.55683137e+00  4.60202535e+00  5.78569272e+00  4.93390314e-02
  3.81084816e-02  8.13236610e-05 -8.00396066e+00 -1.25158557e-07
  3.48409638e-08 -7.16877486e+00 -6.73242018e-12]",2.792676515850282e+31
0,"[-7.55683137e+00  4.60202535e+00  5.78569272e+00  4.93390314e-02
  3.81084816e-02  8.13236610e-05 -8.00396066e+00 -1.25158557e-07
  3.48409638e-08 -7.16877486e+00 -6.73242018e-12]",2.792676515850282e+31
0,"[-7.55683137e+00  4.60202535e+00  5.78569272e+00  4.93390314e-02
  3.81084816e-02  8.13236610e-05 -8.00396066e+00 -1.25158557e-07
  3.48409638e-08 -7.16877486e+00 -6.73242018e-12]",2.792676515850282e+31
0,"[-7.55683137e+00  4.60202535e+00  5.78569272e+00  4.93390314e-02
  3.81084816e-02  8.13236610e-05 -8.00396066e+00 -1.25158557e-07
  3.48409638e-08 -7.16877486e+00 -6.73242018e-12]",2.792676515850282e+31
0,"[-8.47784593e+00  1.24031745e-01 -2.80994016e+00 -1.40757649e+00
  4.58627800e+00  8.13236610e-05 -6.01876916e-05 -9.54569693e-01
  3.48409638e-08 -8.41665376e+00 -6.73242018e-12]",3.849939140750814e+31
0,"[-8.47784593e+00  1.24031745e-01 -2.80994016e+00 -1.40757649e+00
  4.58627800e+00  8.13236610e-05 -6.01876916e-05 -9.54569693e-01
  3.48409638e-08 -8.41665376e+00 -6.73242018e-12]",3.849939140750814e+31
0,"[-8.47784593e+00  1.24031745e-01 -2.80994016e+00 -1.40757649e+00
  4.58627800e+00  8.13236610e-05 -6.01876916e-05 -9.54569693e-01
  3.48409638e-08 -8.41665376e+00 -6.73242018e-12]",3.849939140750814e+31
0,"[-8.47784593e+00  1.24031745e-01 -2.80994016e+00 -1.40757649e+00
  4.58627800e+00  8.13236610e-05 -6.01876916e-05 -9.54569693e-01
  3.48409638e-08 -8.41665376e+00 -6.73242018e-12]",3.849939140750814e+31
0,"[-8.47784593e+00  1.24031745e-01 -2.80994016e+00 -1.40757649e+00
  4.58627800e+00  8.13236610e-05 -6.01876916e-05 -9.54569693e-01
  3.48409638e-08 -8.41665376e+00 -6.73242018e-12]",3.849939140750814e+31
0,"[ 6.42577058e+00  8.25245731e+00  5.13093268e+00  4.93390314e-02
  3.81084816e-02  8.13236610e-05 -6.01876916e-05 -4.22295851e+00
  3.48409638e-08  8.68010624e+00 -6.73242018e-12]",4.092454249611727e+31
0,"[ 6.42577058e+00  8.25245731e+00  5.13093268e+00  4.93390314e-02
  3.81084816e-02  8.13236610e-05 -6.01876916e-05 -4.22295851e+00
  3.48409638e-08  8.68010624e+00 -6.73242018e-12]",4.092454249611727e+31
0,"[ 6.42577058e+00  8.25245731e+00  5.13093268e+00  4.93390314e-02
  3.81084816e-02  8.13236610e-05 -6.01876916e-05 -4.22295851e+00
  3.48409638e-08  8.68010624e+00 -6.73242018e-12]",4.092454249611727e+31
0,"[ 6.42577058e+00  8.25245731e+00  5.13093268e+00  4.93390314e-02
  3.81084816e-02  8.13236610e-05 -6.01876916e-05 -4.22295851e+00
  3.48409638e-08  8.68010624e+00 -6.73242018e-12]",4.092454249611727e+31
0,"[ 2.77039122e-01  1.24031745e-01 -6.21194106e+00  7.72543670e+00
 -6.55849557e+00  9.73545839e-01 -6.01876916e-05 -3.37200227e+00
  3.48409638e-08  4.16149250e-11 -4.70439090e-01]",2.6126101445026423e+32
0,"[ 2.77039122e-01  1.24031745e-01 -6.21194106e+00  7.72543670e+00
 -6.55849557e+00  9.73545839e-01 -6.01876916e-05 -3.37200227e+00
  3.48409638e-08  4.16149250e-11 -4.70439090e-01]",2.6126101445026423e+32
0,"[ 2.77039122e-01  1.24031745e-01 -6.21194106e+00  7.72543670e+00
 -6.55849557e+00  9.73545839e-01 -6.01876916e-05 -3.37200227e+00
  3.48409638e-08  4.16149250e-11 -4.70439090e-01]",2.6126101445026423e+32
0,"[ 2.77039122e-01  1.24031745e-01 -6.21194106e+00  7.72543670e+00
 -6.55849557e+00  9.73545839e-01 -6.01876916e-05 -3.37200227e+00
  3.48409638e-08  4.16149250e-11 -4.70439090e-01]",2.6126101445026423e+32
0,"[ 2.77039122e-01  1.24031745e-01 -6.21194106e+00  7.72543670e+00
 -6.55849557e+00  9.73545839e-01 -6.01876916e-05 -3.37200227e+00
  3.48409638e-08  4.16149250e-11 -4.70439090e-01]",2.6126101445026423e+32
0,"[ 2.77039122e-01  1.24031745e-01 -6.21194106e+00  7.72543670e+00
 -6.55849557e+00  9.73545839e-01 -6.01876916e-05 -3.37200227e+00
  3.48409638e-08  4.16149250e-11 -4.70439090e-01]",2.6126101445026423e+32
0,"[ 2.77039122e-01  1.24031745e-01 -6.21194106e+00  7.72543670e+00
 -6.55849557e+00  9.73545839e-01 -6.01876916e-05 -3.37200227e+00
  3.48409638e-08  4.16149250e-11 -4.70439090e-01]",2.6126101445026423e+32
0,"[ 2.77039122e-01  1.24031745e-01 -6.21194106e+00  7.72543670e+00
 -6.55849557e+00  9.73545839e-01 -6.01876916e-05 -3.37200227e+00
  3.48409638e-08  4.16149250e-11 -4.70439090e-01]",2.6126101445026423e+32
0,"[ 9.87756954e-01 -7.79543299e+00  2.57298037e+00  7.14183599e+00
  3.81084816e-02  8.13236610e-05  8.73558973e+00 -1.25158557e-07
  3.48409638e-08  4.16149250e-11 -1.09170119e+00]",1.4069116744238465e+33
0,"[ 9.87756954e-01 -7.79543299e+00  2.57298037e+00  7.14183599e+00
  3.81084816e-02  8.13236610e-05  8.73558973e+00 -1.25158557e-07
  3.48409638e-08  4.16149250e-11 -1.09170119e+00]",1.4069116744238465e+33
0,"[ 9.87756954e-01 -7.79543299e+00  2.57298037e+00  7.14183599e+00
  3.81084816e-02  8.13236610e-05  8.73558973e+00 -1.25158557e-07
  3.48409638e-08  4.16149250e-11 -1.09170119e+00]",1.4069116744238465e+33
0,"[ 9.87756954e-01 -7.79543299e+00  2.57298037e+00  7.14183599e+00
  3.81084816e-02  8.13236610e-05  8.73558973e+00 -1.25158557e-07
  3.48409638e-08  4.16149250e-11 -1.09170119e+00]",1.4069116744238465e+33
1,"[ 0.00000000e+00  1.24031745e-01  3.24753170e+00  4.93390314e-02
  3.81084816e-02 -1.37994046e+00 -7.39706770e+00  1.90106066e-01
  3.48409638e-08 -6.02780528e+00 -6.73242018e-12]",2975007.6051959647
1,"[-4.25168112e+00 -3.04825660e+00 -5.11655351e+00 -8.91971379e+00
  3.81084816e-02 -2.59052257e+00 -6.01876916e-05 -1.25158557e-07
 -2.11004185e+00 -5.61318554e+00  5.55963597e+00]",3635403.457969182
1,"[ 5.90398044e+00  5.34360650e+00  2.36177734e+00 -4.51653920e+00
  9.48496711e+00  8.13236610e-05 -7.44028986e+00 -1.25158557e-07
  3.48409638e-08 -3.38437963e+00 -4.11153245e+00]",3672292.263543099
1,"[ 8.98443852e+00  1.24031745e-01 -8.86589327e+00  4.93390314e-02
 -2.90757983e+00  8.13236610e-05  5.47825228e+00  1.13917437e+00
  3.48409638e-08  5.33344798e+00  9.52416533e+00]",3672961.9386523003
1,"[ 2.25531269e+00 -6.35869879e+00  5.13093268e+00  4.93390314e-02
  3.81084816e-02  8.13236610e-05 -4.72576036e+00 -4.22295851e+00
  3.48409638e-08  8.68010624e+00 -6.73242018e-12]",3675363.1347357435
1,"[ 5.78437302e+00 -1.42292536e+00  1.59745538e+00  3.12480571e+00
  3.81084816e-02  1.49359115e+00 -6.01876916e-05  7.89944772e-01
  3.48409638e-08  6.10540004e+00  6.24756981e+00]",3675968.547103318
1,"[ 7.70492258e+00  2.83651994e+00 -6.21194106e+00 -3.42970982e+00
  2.58780706e+00  8.13236610e-05 -6.01876916e-05 -1.25158557e-07
  7.60712530e-01  1.86530145e+00 -6.73242018e-12]",3680402.0211846638
1,"[ 2.77039122e-01  1.24031745e-01 -4.52282190e-01  7.72543670e+00
 -6.55849557e+00  9.73545839e-01  2.92465204e+00 -5.59480545e+00
 -9.85491010e-01  4.16149250e-11 -4.70439090e-01]",3681224.462880908
1,"[ 0.00000000e+00  1.24031745e-01 -6.21194106e+00  4.93390314e-02
 -6.93428028e+00  4.60818929e+00 -6.01876916e-05 -1.25158557e-07
 -7.24297370e+00  6.46145133e-02 -6.73242018e-12]",3681491.578993837
1,"[-6.44788528e+00  1.24031745e-01 -6.21194106e+00  4.93390314e-02
  7.23770017e+00 -7.23914198e+00 -6.01876916e-05 -1.25158557e-07
  9.66767552e+00  4.16149250e-11 -9.13719525e+00]",3687782.2280332954
1,"[ 9.87756954e-01 -6.57161089e+00  2.57298037e+00 -7.16589645e+00
  3.81084816e-02 -3.01559609e+00  8.73558973e+00 -6.85030518e+00
  3.48409638e-08  4.16149250e-11 -1.09170119e+00]",3687800.485152947
1,"[ 9.92336336e+00 -5.46241118e-01 -6.21194106e+00  4.93390314e-02
 -8.34801106e+00 -1.91431036e+00 -6.01876916e-05 -1.25158557e-07
  2.22487105e+00  4.73949780e+00 -9.82260329e+00]",3688247.381559155
1,"[ 3.66836309e+00 -9.07361606e+00 -6.21194106e+00  4.93390314e-02
  7.75183950e+00  6.75672267e-02  9.77780724e+00  1.06679737e+00
  3.48409638e-08  4.16149250e-11 -6.73242018e-12]",3688456.4876041645
1,"[ 5.68702476e+00  8.70312692e+00 -6.21194106e+00  3.33999431e+00
  4.37469230e+00 -9.96039841e+00  6.18637029e+00 -1.25158557e-07
  3.48409638e-08  4.16149250e-11 -6.73242018e-12]",3688953.332984026
1,"[-2.44316562e-01  1.24031745e-01 -2.80994016e+00  1.96290654e+00
 -9.51291718e+00  8.13236610e-05 -6.01876916e-05 -9.54569693e-01
  3.48409638e-08  8.89149931e+00 -6.73242018e-12]",3689791.943140685
1,"[ 0.00000000e+00 -7.82472266e+00 -8.31569525e+00  4.93390314e-02
  3.81084816e-02  8.13236610e-05 -6.01876916e-05  1.84427221e+00
  5.00512219e+00  6.21613148e+00 -2.37804260e+00]",3709623.9636934046
1,"[-9.52255704e+00 -2.50049846e+00 -1.02138796e+00  4.93390314e-02
  3.81084816e-02  8.13236610e-05  7.60204003e+00 -1.25158557e-07
 -1.27350332e+00  7.30000939e+00 -9.24632949e+00]",3742581.643775666
1,"[-2.41226671e+00  2.39955274e+00 -6.21194106e+00  5.90076805e-02
  2.69657572e+00 -8.01453573e+00  5.25488033e+00 -1.25158557e-07
 -8.06754134e+00  7.93193278e+00 -6.73242018e-12]",3774523.483063599
1,"[-7.55683137e+00  4.60202535e+00  4.28692093e+00  4.93390314e-02
  5.82612997e+00  7.47631174e+00 -8.00396066e+00  2.38746255e+00
  3.48409638e-08 -7.16877486e+00  1.24342917e+00]",3809489.3587838965
1,"[ 1.56053588e+00  5.25525640e+00 -6.21194106e+00  4.93390314e-02
  3.02077267e+00  8.13236610e-05 -6.52207099e-01 -9.87046352e+00
  3.48409638e-08 -4.99440369e+00 -6.73242018e-12]",3834319.331544601
1,"[ 5.68702476e+00  8.70312692e+00 -6.21194106e+00  3.33999431e+00
  4.37469230e+00 -9.96039841e+00  6.18637029e+00 -1.25158557e-07
  3.48409638e-08  4.16149250e-11 -6.73242018e-12]",2.0790325066280495e+21
1,"[ 5.68702476e+00  8.70312692e+00 -6.21194106e+00  3.33999431e+00
  4.37469230e+00 -9.96039841e+00  6.18637029e+00 -1.25158557e-07
  3.48409638e-08  4.16149250e-11 -6.73242018e-12]",2.0790325066280495e+21
1,"[ 5.68702476e+00  8.70312692e+00 -6.21194106e+00  3.33999431e+00
  4.37469230e+00 -9.96039841e+00  6.18637029e+00 -1.25158557e-07
  3.48409638e-08  4.16149250e-11 -6.73242018e-12]",2.0790325066280495e+21
1,"[ 5.68702476e+00  8.70312692e+00 -6.21194106e+00  3.33999431e+00
  4.37469230e+00 -9.96039841e+00  6.18637029e+00 -1.25158557e-07
  3.48409638e-08  4.16149250e-11 -6.73242018e-12]",2.0790325066280495e+21
1,"[ 5.68702476e+00  8.70312692e+00 -6.21194106e+00  3.33999431e+00
  4.37469230e+00 -9.96039841e+00  6.18637029e+00 -1.25158557e-07
  3.48409638e-08  4.16149250e-11 -6.73242018e-12]",2.0790325066280495e+21
1,"[ 3.66836309e+00 -9.07361606e+00 -6.21194106e+00  4.93390314e-02
  7.75183950e+00  6.75672267e-02  9.77780724e+00  1.06679737e+00
  3.48409638e-08  4.16149250e-11 -6.73242018e-12]",1.479029481842168e+23
1,"[ 3.66836309e+00 -9.07361606e+00 -6.21194106e+00  4.93390314e-02
  7.75183950e+00  6.75672267e-02  9.77780724e+00  1.06679737e+00
  3.48409638e-08  4.16149250e-11 -6.73242018e-12]",1.479029481842168e+23
1,"[ 3.66836309e+00 -9.07361606e+00 -6.21194106e+00  4.93390314e-02
  7.75183950e+00  6.75672267e-02  9.77780724e+00  1.06679737e+00
  3.48409638e-08  4.16149250e-11 -6.73242018e-12]",1.479029481842168e+23
1,"[ 3.66836309e+00 -9.07361606e+00 -6.21194106e+00  4.93390314e-02
  7.75183950e+00  6.75672267e-02  9.77780724e+00  1.06679737e+00
  3.48409638e-08  4.16149250e-11 -6.73242018e-12]",1.479029481842168e+23
1,"[ 3.66836309e+00 -9.07361606e+00 -6.21194106e+00  4.93390314e-02
  7.75183950e+00  6.75672267e-02  9.77780724e+00  1.06679737e+00
  3.48409638e-08  4.16149250e-11 -6.73242018e-12]",1.479029481842168e+23
1,"[ 0.00000000e+00  1.24031745e-01 -6.21194106e+00  4.93390314e-02
 -6.93428028e+00  4.60818929e+00 -6.01876916e-05 -1.25158557e-07
 -7.24297370e+00  6.46145133e-02 -6.73242018e-12]",1.4210466206003394e+28
1,"[ 0.00000000e+00  1.24031745e-01 -6.21194106e+00  4.93390314e-02
 -6.93428028e+00  4.60818929e+00 -6.01876916e-05 -1.25158557e-07
 -7.24297370e+00  6.46145133e-02 -6.73242018e-12]",1.4210466206003394e+28
1,"[ 0.00000000e+00  1.24031745e-01 -6.21194106e+00  4.93390314e-02
 -6.93428028e+00  4.60818929e+00 -6.01876916e-05 -1.25158557e-07
 -7.24297370e+00  6.46145133e-02 -6.73242018e-12]",1.4210466206003394e+28
1,"[ 7.70492258e+00  2.83651994e+00 -6.21194106e+00 -3.42970982e+00
  2.58780706e+00  8.13236610e-05 -6.01876916e-05 -1.25158557e-07
  7.60712530e-01  1.86530145e+00 -6.73242018e-12]",1.894663144778339e+30
1,"[ 7.70492258e+00  2.83651994e+00 -6.21194106e+00 -3.42970982e+00
  2.58780706e+00  8.13236610e-05 -6.01876916e-05 -1.25158557e-07
  7.60712530e-01  1.86530145e+00 -6.73242018e-12]",1.894663144778339e+30
1,"[ 7.70492258e+00  2.83651994e+00 -6.21194106e+00 -3.42970982e+00
  2.58780706e+00  8.13236610e-05 -6.01876916e-05 -1.25158557e-07
  7.60712530e-01  1.86530145e+00 -6.73242018e-12]",1.894663144778339e+30
1,"[ 1.56053588e+00  5.25525640e+00 -6.21194106e+00  4.93390314e-02
  3.02077267e+00  8.13236610e-05 -6.52207099e-01 -9.87046352e+00
  3.48409638e-08 -4.99440369e+00 -6.73242018e-12]",1.3579722950940166e+31
1,"[ 1.56053588e+00  5.25525640e+00 -6.21194106e+00  4.93390314e-02
  3.02077267e+00  8.13236610e-05 -6.52207099e-01 -9.87046352e+00
  3.48409638e-08 -4.99440369e+00 -6.73242018e-12]",1.3579722950940166e+31
1,"[ 1.56053588e+00  5.25525640e+00 -6.21194106e+00  4.93390314e-02
  3.02077267e+00  8.13236610e-05 -6.52207099e-01 -9.87046352e+00
  3.48409638e-08 -4.99440369e+00 -6.73242018e-12]",1.3579722950940166e+31
1,"[ 1.56053588e+00  5.25525640e+00 -6.21194106e+00  4.93390314e-02
  3.02077267e+00  8.13236610e-05 -6.52207099e-01 -9.87046352e+00
  3.48409638e-08 -4.99440369e+00 -6.73242018e-12]",1.3579722950940166e+31
1,"[ 0.00000000e+00  1.24031745e-01  3.24753170e+00  4.93390314e-02
  3.81084816e-02 -1.37994046e+00 -7.39706770e+00  1.90106066e-01
  3.48409638e-08 -6.02780528e+00 -6.73242018e-12]",1.974407008128537e+31
1,"[ 0.00000000e+00  1.24031745e-01  3.24753170e+00  4.93390314e-02
  3.81084816e-02 -1.37994046e+00 -7.39706770e+00  1.90106066e-01
  3.48409638e-08 -6.02780528e+00 -6.73242018e-12]",1.974407008128537e+31
1,"[ 0.00000000e+00  1.24031745e-01  3.24753170e+00  4.93390314e-02
  3.81084816e-02 -1.37994046e+00 -7.39706770e+00  1.90106066e-01
  3.48409638e-08 -6.02780528e+00 -6.73242018e-12]",1.974407008128537e+31
1,"[-2.41226671e+00  2.39955274e+00 -6.21194106e+00  5.90076805e-02
  2.69657572e+00 -8.01453573e+00  5.25488033e+00 -1.25158557e-07
 -8.06754134e+00  7.93193278e+00 -6.73242018e-12]",3.4034263729783825e+31
1,"[-2.41226671e+00  2.39955274e+00 -6.21194106e+00  5.90076805e-02
  2.69657572e+00 -8.01453573e+00  5.25488033e+00 -1.25158557e-07
 -8.06754134e+00  7.93193278e+00 -6.73242018e-12]",3.4034263729783825e+31
1,"[-2.41226671e+00  2.39955274e+00 -6.21194106e+00  5.90076805e-02
  2.69657572e+00 -8.01453573e+00  5.25488033e+00 -1.25158557e-07
 -8.06754134e+00  7.93193278e+00 -6.73242018e-12]",3.4034263729783825e+31
1,"[-2.41226671e+00  2.39955274e+00 -6.21194106e+00  5.90076805e-02
  2.69657572e+00 -8.01453573e+00  5.25488033e+00 -1.25158557e-07
 -8.06754134e+00  7.93193278e+00 -6.73242018e-12]",3.4034263729783825e+31
1,"[-2.41226671e+00  2.39955274e+00 -6.21194106e+00  5.90076805e-02
  2.69657572e+00 -8.01453573e+00  5.25488033e+00 -1.25158557e-07
 -8.06754134e+00  7.93193278e+00 -6.73242018e-12]",3.4034263729783825e+31
1,"[-2.41226671e+00  2.39955274e+00 -6.21194106e+00  5.90076805e-02
  2.69657572e+00 -8.01453573e+00  5.25488033e+00 -1.25158557e-07
 -8.06754134e+00  7.93193278e+00 -6.73242018e-12]",3.4034263729783825e+31
1,"[-2.41226671e+00  2.39955274e+00 -6.21194106e+00  5.90076805e-02
  2.69657572e+00 -8.01453573e+00  5.25488033e+00 -1.25158557e-07
 -8.06754134e+00  7.93193278e+00 -6.73242018e-12]",3.4034263729783825e+31
1,"[-2.41226671e+00  2.39955274e+00 -6.21194106e+00  5.90076805e-02
  2.69657572e+00 -8.01453573e+00  5.25488033e+00 -1.25158557e-07
 -8.06754134e+00  7.93193278e+00 -6.73242018e-12]",3.4034263729783825e+31
1,"[-2.41226671e+00  2.39955274e+00 -6.21194106e+00  5.90076805e-02
  2.69657572e+00 -8.01453573e+00  5.25488033e+00 -1.25158557e-07
 -8.06754134e+00  7.93193278e+00 -6.73242018e-12]",3.4034263729783825e+31
1,"[-2.41226671e+00  2.39955274e+00 -6.21194106e+00  5.90076805e-02
  2.69657572e+00 -8.01453573e+00  5.25488033e+00 -1.25158557e-07
 -8.06754134e+00  7.93193278e+00 -6.73242018e-12]",3.4034263729783825e+31
1,"[-2.41226671e+00  2.39955274e+00 -6.21194106e+00  5.90076805e-02
  2.69657572e+00 -8.01453573e+00  5.25488033e+00 -1.25158557e-07
 -8.06754134e+00  7.93193278e+00 -6.73242018e-12]",3.4034263729783825e+31
1,"[-2.41226671e+00  2.39955274e+00 -6.21194106e+00  5.90076805e-02
  2.69657572e+00 -8.01453573e+00  5.25488033e+00 -1.25158557e-07
 -8.06754134e+00  7.93193278e+00 -6.73242018e-12]",3.4034263729783825e+31
1,"[-2.41226671e+00  2.39955274e+00 -6.21194106e+00  5.90076805e-02
  2.69657572e+00 -8.01453573e+00  5.25488033e+00 -1.25158557e-07
 -8.06754134e+00  7.93193278e+00 -6.73242018e-12]",3.4034263729783825e+31
1,"[ 2.25531269e+00 -6.35869879e+00  5.13093268e+00  4.93390314e-02
  3.81084816e-02  8.13236610e-05 -4.72576036e+00 -4.22295851e+00
  3.48409638e-08  8.68010624e+00 -6.73242018e-12]",4.092447811613431e+31
1,"[ 2.25531269e+00 -6.35869879e+00  5.13093268e+00  4.93390314e-02
  3.81084816e-02  8.13236610e-05 -4.72576036e+00 -4.22295851e+00
  3.48409638e-08  8.68010624e+00 -6.73242018e-12]",4.092447811613431e+31
1,"[ 2.25531269e+00 -6.35869879e+00  5.13093268e+00  4.93390314e-02
  3.81084816e-02  8.13236610e-05 -4.72576036e+00 -4.22295851e+00
  3.48409638e-08  8.68010624e+00 -6.73242018e-12]",4.092447811613431e+31
1,"[ 2.25531269e+00 -6.35869879e+00  5.13093268e+00  4.93390314e-02
  3.81084816e-02  8.13236610e-05 -4.72576036e+00 -4.22295851e+00
  3.48409638e-08  8.68010624e+00 -6.73242018e-12]",4.092447811613431e+31
1,"[ 2.25531269e+00 -6.35869879e+00  5.13093268e+00  4.93390314e-02
  3.81084816e-02  8.13236610e-05 -4.72576036e+00 -4.22295851e+00
  3.48409638e-08  8.68010624e+00 -6.73242018e-12]",4.092447811613431e+31
1,"[-2.44316562e-01  1.24031745e-01 -2.80994016e+00  1.96290654e+00
 -9.51291718e+00  8.13236610e-05 -6.01876916e-05 -9.54569693e-01
  3.48409638e-08  8.89149931e+00 -6.73242018e-12]",4.295722206307253e+31
1,"[-2.44316562e-01  1.24031745e-01 -2.80994016e+00  1.96290654e+00
 -9.51291718e+00  8.13236610e-05 -6.01876916e-05 -9.54569693e-01
  3.48409638e-08  8.89149931e+00 -6.73242018e-12]",4.295722206307253e+31
1,"[-2.44316562e-01  1.24031745e-01 -2.80994016e+00  1.96290654e+00
 -9.51291718e+00  8.13236610e-05 -6.01876916e-05 -9.54569693e-01
  3.48409638e-08  8.89149931e+00 -6.73242018e-12]",4.295722206307253e+31
1,"[-2.44316562e-01  1.24031745e-01 -2.80994016e+00  1.96290654e+00
 -9.51291718e+00  8.13236610e-05 -6.01876916e-05 -9.54569693e-01
  3.48409638e-08  8.89149931e+00 -6.73242018e-12]",4.295722206307253e+31
1,"[ 2.77039122e-01  1.24031745e-01 -4.52282190e-01  7.72543670e+00
 -6.55849557e+00  9.73545839e-01  2.92465204e+00 -5.59480545e+00
 -9.85491010e-01  4.16149250e-11 -4.70439090e-01]",2.6176724138277718e+32
1,"[ 2.77039122e-01  1.24031745e-01 -4.52282190e-01  7.72543670e+00
 -6.55849557e+00  9.73545839e-01  2.92465204e+00 -5.59480545e+00
 -9.85491010e-01  4.16149250e-11 -4.70439090e-01]",2.6176724138277718e+32
1,"[ 2.77039122e-01  1.24031745e-01 -4.52282190e-01  7.72543670e+00
 -6.55849557e+00  9.73545839e-01  2.92465204e+00 -5.59480545e+00
 -9.85491010e-01  4.16149250e-11 -4.70439090e-01]",2.6176724138277718e+32
1,"[ 2.77039122e-01  1.24031745e-01 -4.52282190e-01  7.72543670e+00
 -6.55849557e+00  9.73545839e-01  2.92465204e+00 -5.59480545e+00
 -9.85491010e-01  4.16149250e-11 -4.70439090e-01]",2.6176724138277718e+32
1,"[ 9.87756954e-01 -6.57161089e+00  2.57298037e+00 -7.16589645e+00
  3.81084816e-02 -3.01559609e+00  8.73558973e+00 -6.85030518e+00
  3.48409638e-08  4.16149250e-11 -1.09170119e+00]",1.4069316956525103e+33
1,"[ 9.87756954e-01 -6.57161089e+00  2.57298037e+00 -7.16589645e+00
  3.81084816e-02 -3.01559609e+00  8.73558973e+00 -6.85030518e+00
  3.48409638e-08  4.16149250e-11 -1.09170119e+00]",1.4069316956525103e+33
1,"[ 9.87756954e-01 -6.57161089e+00  2.57298037e+00 -7.16589645e+00
  3.81084816e-02 -3.01559609e+00  8.73558973e+00 -6.85030518e+00
  3.48409638e-08  4.16149250e-11 -1.09170119e+00]",1.4069316956525103e+33
1,"[ 9.87756954e-01 -6.57161089e+00  2.57298037e+00 -7.16589645e+00
  3.81084816e-02 -3.01559609e+00  8.73558973e+00 -6.85030518e+00
  3.48409638e-08  4.16149250e-11 -1.09170119e+00]",1.4069316956525103e+33
1,"[ 9.87756954e-01 -6.57161089e+00  2.57298037e+00 -7.16589645e+00
  3.81084816e-02 -3.01559609e+00  8.73558973e+00 -6.85030518e+00
  3.48409638e-08  4.16149250e-11 -1.09170119e+00]",1.4069316956525103e+33
1,"[-7.55683137e+00  4.60202535e+00  4.28692093e+00  4.93390314e-02
  5.82612997e+00  7.47631174e+00 -8.00396066e+00  2.38746255e+00
  3.48409638e-08 -7.16877486e+00  1.24342917e+00]",1.8145517047987277e+33
1,"[-7.55683137e+00  4.60202535e+00  4.28692093e+00  4.93390314e-02
  5.82612997e+00  7.47631174e+00 -8.00396066e+00  2.38746255e+00
  3.48409638e-08 -7.16877486e+00  1.24342917e+00]",1.8145517047987277e+33
1,"[-7.55683137e+00  4.60202535e+00  4.28692093e+00  4.93390314e-02
  5.82612997e+00  7.47631174e+00 -8.00396066e+00  2.38746255e+00
  3.48409638e-08 -7.16877486e+00  1.24342917e+00]",1.8145517047987277e+33
1,"[-7.55683137e+00  4.60202535e+00  4.28692093e+00  4.93390314e-02
  5.82612997e+00  7.47631174e+00 -8.00396066e+00  2.38746255e+00
  3.48409638e-08 -7.16877486e+00  1.24342917e+00]",1.8145517047987277e+33
1,"[-7.55683137e+00  4.60202535e+00  4.28692093e+00  4.93390314e-02
  5.82612997e+00  7.47631174e+00 -8.00396066e+00  2.38746255e+00
  3.48409638e-08 -7.16877486e+00  1.24342917e+00]",1.8145517047987277e+33
1,"[ 0.00000000e+00 -7.82472266e+00 -8.31569525e+00  4.93390314e-02
  3.81084816e-02  8.13236610e-05 -6.01876916e-05  1.84427221e+00
  5.00512219e+00  6.21613148e+00 -2.37804260e+00]",6.619986344398916e+33
1,"[ 0.00000000e+00 -7.82472266e+00 -8.31569525e+00  4.93390314e-02
  3.81084816e-02  8.13236610e-05 -6.01876916e-05  1.84427221e+00
  5.00512219e+00  6.21613148e+00 -2.37804260e+00]",6.619986344398916e+33
1,"[ 0.00000000e+00 -7.82472266e+00 -8.31569525e+00  4.93390314e-02
  3.81084816e-02  8.13236610e-05 -6.01876916e-05  1.84427221e+00
  5.00512219e+00  6.21613148e+00 -2.37804260e+00]",6.619986344398916e+33
1,"[ 0.00000000e+00 -7.82472266e+00 -8.31569525e+00  4.93390314e-02
  3.81084816e-02  8.13236610e-05 -6.01876916e-05  1.84427221e+00
  5.00512219e+00  6.21613148e+00 -2.37804260e+00]",6.619986344398916e+33
1,"[ 0.00000000e+00 -7.82472266e+00 -8.31569525e+00  4.93390314e-02
  3.81084816e-02  8.13236610e-05 -6.01876916e-05  1.84427221e+00
  5.00512219e+00  6.21613148e+00 -2.37804260e+00]",6.619986344398916e+33
1,"[ 5.90398044e+00  5.34360650e+00  2.36177734e+00 -4.51653920e+00
  9.48496711e+00  8.13236610e-05 -7.44028986e+00 -1.25158557e-07
  3.48409638e-08 -3.38437963e+00 -4.11153245e+00]",2.0022154854372336e+34
1,"[ 5.90398044e+00  5.34360650e+00  2.36177734e+00 -4.51653920e+00
  9.48496711e+00  8.13236610e-05 -7.44028986e+00 -1.25158557e-07
  3.48409638e-08 -3.38437963e+00 -4.11153245e+00]",2.0022154854372336e+34
1,"[ 5.90398044e+00  5.34360650e+00  2.36177734e+00 -4.51653920e+00
  9.48496711e+00  8.13236610e-05 -7.44028986e+00 -1.25158557e-07
  3.48409638e-08 -3.38437963e+00 -4.11153245e+00]",2.0022154854372336e+34
1,"[ 5.90398044e+00  5.34360650e+00  2.36177734e+00 -4.51653920e+00
  9.48496711e+00  8.13236610e-05 -7.44028986e+00 -1.25158557e-07
  3.48409638e-08 -3.38437963e+00 -4.11153245e+00]",2.0022154854372336e+34
1,"[-4.25168112e+00 -3.04825660e+00 -5.11655351e+00 -8.91971379e+00
  3.81084816e-02 -2.59052257e+00 -6.01876916e-05 -1.25158557e-07
 -2.11004185e+00 -5.61318554e+00  5.55963597e+00]",3.635777183464652e+34
1,"[-4.25168112e+00 -3.04825660e+00 -5.11655351e+00 -8.91971379e+00
  3.81084816e-02 -2.59052257e+00 -6.01876916e-05 -1.25158557e-07
 -2.11004185e+00 -5.61318554e+00  5.55963597e+00]",3.635777183464652e+34
1,"[-4.25168112e+00 -3.04825660e+00 -5.11655351e+00 -8.91971379e+00
  3.81084816e-02 -2.59052257e+00 -6.01876916e-05 -1.25158557e-07
 -2.11004185e+00 -5.61318554e+00  5.55963597e+00]",3.635777183464652e+34
1,"[-4.25168112e+00 -3.04825660e+00 -5.11655351e+00 -8.91971379e+00
  3.81084816e-02 -2.59052257e+00 -6.01876916e-05 -1.25158557e-07
 -2.11004185e+00 -5.61318554e+00  5.55963597e+00]",3.635777183464652e+34
1,"[-4.25168112e+00 -3.04825660e+00 -5.11655351e+00 -8.91971379e+00
  3.81084816e-02 -2.59052257e+00 -6.01876916e-05 -1.25158557e-07
 -2.11004185e+00 -5.61318554e+00  5.55963597e+00]",3.635777183464652e+34
1,"[-4.25168112e+00 -3.04825660e+00 -5.11655351e+00 -8.91971379e+00
  3.81084816e-02 -2.59052257e+00 -6.01876916e-05 -1.25158557e-07
 -2.11004185e+00 -5.61318554e+00  5.55963597e+00]",3.635777183464652e+34
1,"[ 5.78437302e+00 -1.42292536e+00  1.59745538e+00  3.12480571e+00
  3.81084816e-02  1.49359115e+00 -6.01876916e-05  7.89944772e-01
  3.48409638e-08  6.10540004e+00  6.24756981e+00]",4.6262051297086065e+34
1,"[ 5.78437302e+00 -1.42292536e+00  1.59745538e+00  3.12480571e+00
  3.81084816e-02  1.49359115e+00 -6.01876916e-05  7.89944772e-01
  3.48409638e-08  6.10540004e+00  6.24756981e+00]",4.6262051297086065e+34
1,"[ 5.78437302e+00 -1.42292536e+00  1.59745538e+00  3.12480571e+00
  3.81084816e-02  1.49359115e+00 -6.01876916e-05  7.89944772e-01
  3.48409638e-08  6.10540004e+00  6.24756981e+00]",4.6262051297086065e+34
1,"[ 5.78437302e+00 -1.42292536e+00  1.59745538e+00  3.12480571e+00
  3.81084816e-02  1.49359115e+00 -6.01876916e-05  7.89944772e-01
  3.48409638e-08  6.10540004e+00  6.24756981e+00]",4.6262051297086065e+34
1,"[ 5.78437302e+00 -1.42292536e+00  1.59745538e+00  3.12480571e+00
  3.81084816e-02  1.49359115e+00 -6.01876916e-05  7.89944772e-01
  3.48409638e-08  6.10540004e+00  6.24756981e+00]",4.6262051297086065e+34
1,"[ 5.78437302e+00 -1.42292536e+00  1.59745538e+00  3.12480571e+00
  3.81084816e-02  1.49359115e+00 -6.01876916e-05  7.89944772e-01
  3.48409638e-08  6.10540004e+00  6.24756981e+00]",4.6262051297086065e+34
2,"[-5.26077843e+00  1.66547557e+00  3.24753170e+00 -4.99445157e+00
  8.46987032e-01 -1.37994046e+00 -4.36522117e+00  1.90106066e-01
  2.79710145e-01  7.13664399e+00 -6.73242018e-12]",2975007.6051959647
2,"[-4.25168112e+00 -5.10957464e+00 -5.11655351e+00  5.77205849e+00
 -3.04514872e+00 -2.59052257e+00 -6.01876916e-05 -1.25158557e-07
  3.36849307e+00 -5.61318554e+00  5.55963597e+00]",3635403.457969182
2,"[-3.94268837e+00  5.34360650e+00 -8.33055727e+00 -4.51653920e+00
  2.40057631e+00  8.13236610e-05 -4.46051922e+00 -1.25158557e-07
  3.48409638e-08 -3.38437963e+00 -4.11153245e+00]",3672292.263543099
2,"[ 8.98443852e+00 -9.25820477e+00 -8.86589327e+00  4.93390314e-02
 -2.90757983e+00  8.13236610e-05  5.47825228e+00  5.57200877e+00
  2.79487656e+00  5.33344798e+00  9.52416533e+00]",3672961.9386523003
2,"[ 2.25531269e+00 -6.35869879e+00  5.13093268e+00  6.27286382e+00
  3.75691707e-01  8.13236610e-05 -2.00074067e+00 -4.22295851e+00
  3.48409638e-08  8.68010624e+00 -6.73242018e-12]",3675363.1347357435
2,"[ 5.78437302e+00 -1.42292536e+00  1.59745538e+00 -1.64584329e-01
 -6.55648985e+00 -4.67501232e+00 -6.01876916e-05  7.89944772e-01
  3.48409638e-08  6.10540004e+00  6.24756981e+00]",3675968.547103318
2,"[ 7.70492258e+00  2.83651994e+00 -1.28615698e+00 -3.42970982e+00
 -3.14894369e+00  5.43976602e+00 -8.51155435e+00 -1.25158557e-07
  7.60712530e-01  1.86530145e+00 -6.73242018e-12]",3680402.0211846638
2,"[-4.38717499e+00 -3.05847055e+00 -4.52282190e-01  4.89462029e+00
 -6.55849557e+00  9.73545839e-01  2.92465204e+00 -5.59480545e+00
 -7.13107249e+00  4.16149250e-11 -4.70439090e-01]",3681224.462880908
2,"[ 0.00000000e+00  1.24031745e-01  3.07425927e+00 -2.55002828e+00
 -6.91969931e+00  4.60818929e+00 -1.13663980e+00  8.23815098e+00
 -7.24297370e+00  6.46145133e-02 -6.73242018e-12]",3681491.578993837
2,"[ 5.80544167e+00  9.58061430e+00 -6.21194106e+00  4.93390314e-02
  5.44201617e+00 -7.23914198e+00 -6.01876916e-05 -4.30959266e+00
 -9.46298529e+00 -9.76869033e+00 -9.13719525e+00]",3687782.2280332954
2,"[-6.23277271e+00 -6.57161089e+00  2.57298037e+00 -7.16589645e+00
  3.81084816e-02 -5.96983333e+00  8.73558973e+00 -6.85030518e+00
  3.48409638e-08  1.82777465e-01 -1.09170119e+00]",3687800.485152947
2,"[ 9.92336336e+00 -5.46241118e-01  4.76570256e-01  1.81922007e+00
 -3.33771006e+00 -1.91431036e+00 -6.01876916e-05 -1.25158557e-07
 -4.19439091e-01 -1.79380253e+00 -6.01698057e+00]",3688247.381559155
2,"[ 3.66836309e+00 -9.07361606e+00 -6.21194106e+00  4.93390314e-02
  4.75007183e+00  6.75672267e-02  9.77780724e+00  1.06679737e+00
  9.71389426e+00  4.16149250e-11 -6.73242018e-12]",3688456.4876041645
2,"[ 5.68702476e+00  8.70312692e+00 -6.21194106e+00 -4.18453972e+00
  4.37469230e+00 -9.96039841e+00  6.18637029e+00 -1.25158557e-07
  3.48409638e-08  4.16149250e-11  5.18478891e+00]",3688953.332984026
2,"[-7.79438475e+00  1.73224211e+00 -2.80994016e+00 -1.70983357e+00
 -9.51291718e+00  8.13236610e-05 -6.01876916e-05 -4.80343751e+00
  3.48409638e-08  7.70418751e+00  5.62215913e+00]",3689791.943140685
2,"[ 0.00000000e+00 -1.30677270e+00 -8.31569525e+00 -6.30083600e+00
  3.81084816e-02  8.13236610e-05 -8.12409378e+00  1.84427221e+00
  5.00512219e+00  6.21613148e+00 -2.37804260e+00]",3709623.9636934046
2,"[-7.10385133e+00 -2.50049846e+00  4.15765655e+00  4.93390314e-02
  3.81084816e-02  8.13236610e-05  7.45715245e+00 -3.68872532e+00
 -1.27350332e+00 -8.23242463e+00 -9.24632949e+00]",3742581.643775666
2,"[-2.41226671  2.39955274  7.96802992  0.05900768 -5.21764652 -8.01453573
  5.25488033  3.12846965 -6.25860058  7.93193278  8.1120301 ]",3774523.483063599
2,"[ 7.52893375e+00  4.60202535e+00  4.28692093e+00  4.93390314e-02
  5.82612997e+00  7.47631174e+00 -7.69986557e-01  2.38746255e+00
  3.48409638e-08 -7.16877486e+00  1.24342917e+00]",3809489.3587838965
2,"[ 1.56053588e+00  5.25525640e+00 -6.21194106e+00  6.09601871e+00
 -5.46959906e+00  8.80963721e+00 -6.52207099e-01 -9.87046352e+00
  3.48409638e-08 -4.99440369e+00 -6.85738616e+00]",3834319.331544601
2,"[ 0.00000000e+00  1.24031745e-01  3.07425927e+00 -2.55002828e+00
 -6.91969931e+00  4.60818929e+00 -1.13663980e+00  8.23815098e+00
 -7.24297370e+00  6.46145133e-02 -6.73242018e-12]",1.4394299648664771e+28
2,"[ 0.00000000e+00  1.24031745e-01  3.07425927e+00 -2.55002828e+00
 -6.91969931e+00  4.60818929e+00 -1.13663980e+00  8.23815098e+00
 -7.24297370e+00  6.46145133e-02 -6.73242018e-12]",1.4394299648664771e+28
2,"[ 0.00000000e+00  1.24031745e-01  3.07425927e+00 -2.55002828e+00
 -6.91969931e+00  4.60818929e+00 -1.13663980e+00  8.23815098e+00
 -7.24297370e+00  6.46145133e-02 -6.73242018e-12]",1.4394299648664771e+28
2,"[ 0.00000000e+00  1.24031745e-01  3.07425927e+00 -2.55002828e+00
 -6.91969931e+00  4.60818929e+00 -1.13663980e+00  8.23815098e+00
 -7.24297370e+00  6.46145133e-02 -6.73242018e-12]",1.4394299648664771e+28
2,"[ 0.00000000e+00  1.24031745e-01  3.07425927e+00 -2.55002828e+00
 -6.91969931e+00  4.60818929e+00 -1.13663980e+00  8.23815098e+00
 -7.24297370e+00  6.46145133e-02 -6.73242018e-12]",1.4394299648664771e+28
2,"[ 3.66836309e+00 -9.07361606e+00 -6.21194106e+00  4.93390314e-02
  4.75007183e+00  6.75672267e-02  9.77780724e+00  1.06679737e+00
  9.71389426e+00  4.16149250e-11 -6.73242018e-12]",2.3770251497961514e+28
2,"[ 3.66836309e+00 -9.07361606e+00 -6.21194106e+00  4.93390314e-02
  4.75007183e+00  6.75672267e-02  9.77780724e+00  1.06679737e+00
  9.71389426e+00  4.16149250e-11 -6.73242018e-12]",2.3770251497961514e+28
2,"[ 7.70492258e+00  2.83651994e+00 -1.28615698e+00 -3.42970982e+00
 -3.14894369e+00  5.43976602e+00 -8.51155435e+00 -1.25158557e-07
  7.60712530e-01  1.86530145e+00 -6.73242018e-12]",1.894639077364965e+30
2,"[ 7.70492258e+00  2.83651994e+00 -1.28615698e+00 -3.42970982e+00
 -3.14894369e+00  5.43976602e+00 -8.51155435e+00 -1.25158557e-07
  7.60712530e-01  1.86530145e+00 -6.73242018e-12]",1.894639077364965e+30
2,"[ 7.70492258e+00  2.83651994e+00 -1.28615698e+00 -3.42970982e+00
 -3.14894369e+00  5.43976602e+00 -8.51155435e+00 -1.25158557e-07
  7.60712530e-01  1.86530145e+00 -6.73242018e-12]",1.894639077364965e+30
2,"[ 7.70492258e+00  2.83651994e+00 -1.28615698e+00 -3.42970982e+00
 -3.14894369e+00  5.43976602e+00 -8.51155435e+00 -1.25158557e-07
  7.60712530e-01  1.86530145e+00 -6.73242018e-12]",1.894639077364965e+30
2,"[-5.26077843e+00  1.66547557e+00  3.24753170e+00 -4.99445157e+00
  8.46987032e-01 -1.37994046e+00 -4.36522117e+00  1.90106066e-01
  2.79710145e-01  7.13664399e+00 -6.73242018e-12]",2.7682890109185936e+31
2,"[-5.26077843e+00  1.66547557e+00  3.24753170e+00 -4.99445157e+00
  8.46987032e-01 -1.37994046e+00 -4.36522117e+00  1.90106066e-01
  2.79710145e-01  7.13664399e+00 -6.73242018e-12]",2.7682890109185936e+31
2,"[-5.26077843e+00  1.66547557e+00  3.24753170e+00 -4.99445157e+00
  8.46987032e-01 -1.37994046e+00 -4.36522117e+00  1.90106066e-01
  2.79710145e-01  7.13664399e+00 -6.73242018e-12]",2.7682890109185936e+31
2,"[-5.26077843e+00  1.66547557e+00  3.24753170e+00 -4.99445157e+00
  8.46987032e-01 -1.37994046e+00 -4.36522117e+00  1.90106066e-01
  2.79710145e-01  7.13664399e+00 -6.73242018e-12]",2.7682890109185936e+31
2,"[-5.26077843e+00  1.66547557e+00  3.24753170e+00 -4.99445157e+00
  8.46987032e-01 -1.37994046e+00 -4.36522117e+00  1.90106066e-01
  2.79710145e-01  7.13664399e+00 -6.73242018e-12]",2.7682890109185936e+31
2,"[-5.26077843e+00  1.66547557e+00  3.24753170e+00 -4.99445157e+00
  8.46987032e-01 -1.37994046e+00 -4.36522117e+00  1.90106066e-01
  2.79710145e-01  7.13664399e+00 -6.73242018e-12]",2.7682890109185936e+31
2,"[-5.26077843e+00  1.66547557e+00  3.24753170e+00 -4.99445157e+00
  8.46987032e-01 -1.37994046e+00 -4.36522117e+00  1.90106066e-01
  2.79710145e-01  7.13664399e+00 -6.73242018e-12]",2.7682890109185936e+31
2,"[-5.26077843e+00  1.66547557e+00  3.24753170e+00 -4.99445157e+00
  8.46987032e-01 -1.37994046e+00 -4.36522117e+00  1.90106066e-01
  2.79710145e-01  7.13664399e+00 -6.73242018e-12]",2.7682890109185936e+31
2,"[ 2.25531269e+00 -6.35869879e+00  5.13093268e+00  6.27286382e+00
  3.75691707e-01  8.13236610e-05 -2.00074067e+00 -4.22295851e+00
  3.48409638e-08  8.68010624e+00 -6.73242018e-12]",4.09245152483468e+31
2,"[ 2.25531269e+00 -6.35869879e+00  5.13093268e+00  6.27286382e+00
  3.75691707e-01  8.13236610e-05 -2.00074067e+00 -4.22295851e+00
  3.48409638e-08  8.68010624e+00 -6.73242018e-12]",4.09245152483468e+31
2,"[ 2.25531269e+00 -6.35869879e+00  5.13093268e+00  6.27286382e+00
  3.75691707e-01  8.13236610e-05 -2.00074067e+00 -4.22295851e+00
  3.48409638e-08  8.68010624e+00 -6.73242018e-12]",4.09245152483468e+31
2,"[ 2.25531269e+00 -6.35869879e+00  5.13093268e+00  6.27286382e+00
  3.75691707e-01  8.13236610e-05 -2.00074067e+00 -4.22295851e+00
  3.48409638e-08  8.68010624e+00 -6.73242018e-12]",4.09245152483468e+31
2,"[ 2.25531269e+00 -6.35869879e+00  5.13093268e+00  6.27286382e+00
  3.75691707e-01  8.13236610e-05 -2.00074067e+00 -4.22295851e+00
  3.48409638e-08  8.68010624e+00 -6.73242018e-12]",4.09245152483468e+31
2,"[-4.38717499e+00 -3.05847055e+00 -4.52282190e-01  4.89462029e+00
 -6.55849557e+00  9.73545839e-01  2.92465204e+00 -5.59480545e+00
 -7.13107249e+00  4.16149250e-11 -4.70439090e-01]",2.6492197769631804e+32
2,"[-4.38717499e+00 -3.05847055e+00 -4.52282190e-01  4.89462029e+00
 -6.55849557e+00  9.73545839e-01  2.92465204e+00 -5.59480545e+00
 -7.13107249e+00  4.16149250e-11 -4.70439090e-01]",2.6492197769631804e+32
2,"[-4.38717499e+00 -3.05847055e+00 -4.52282190e-01  4.89462029e+00
 -6.55849557e+00  9.73545839e-01  2.92465204e+00 -5.59480545e+00
 -7.13107249e+00  4.16149250e-11 -4.70439090e-01]",2.6492197769631804e+32
2,"[-4.38717499e+00 -3.05847055e+00 -4.52282190e-01  4.89462029e+00
 -6.55849557e+00  9.73545839e-01  2.92465204e+00 -5.59480545e+00
 -7.13107249e+00  4.16149250e-11 -4.70439090e-01]",2.6492197769631804e+32
2,"[-6.23277271e+00 -6.57161089e+00  2.57298037e+00 -7.16589645e+00
  3.81084816e-02 -5.96983333e+00  8.73558973e+00 -6.85030518e+00
  3.48409638e-08  1.82777465e-01 -1.09170119e+00]",1.4060865603844867e+33
2,"[-6.23277271e+00 -6.57161089e+00  2.57298037e+00 -7.16589645e+00
  3.81084816e-02 -5.96983333e+00  8.73558973e+00 -6.85030518e+00
  3.48409638e-08  1.82777465e-01 -1.09170119e+00]",1.4060865603844867e+33
2,"[-6.23277271e+00 -6.57161089e+00  2.57298037e+00 -7.16589645e+00
  3.81084816e-02 -5.96983333e+00  8.73558973e+00 -6.85030518e+00
  3.48409638e-08  1.82777465e-01 -1.09170119e+00]",1.4060865603844867e+33
2,"[ 7.52893375e+00  4.60202535e+00  4.28692093e+00  4.93390314e-02
  5.82612997e+00  7.47631174e+00 -7.69986557e-01  2.38746255e+00
  3.48409638e-08 -7.16877486e+00  1.24342917e+00]",1.8145561478654422e+33
2,"[ 7.52893375e+00  4.60202535e+00  4.28692093e+00  4.93390314e-02
  5.82612997e+00  7.47631174e+00 -7.69986557e-01  2.38746255e+00
  3.48409638e-08 -7.16877486e+00  1.24342917e+00]",1.8145561478654422e+33
2,"[ 7.52893375e+00  4.60202535e+00  4.28692093e+00  4.93390314e-02
  5.82612997e+00  7.47631174e+00 -7.69986557e-01  2.38746255e+00
  3.48409638e-08 -7.16877486e+00  1.24342917e+00]",1.8145561478654422e+33
2,"[ 0.00000000e+00 -1.30677270e+00 -8.31569525e+00 -6.30083600e+00
  3.81084816e-02  8.13236610e-05 -8.12409378e+00  1.84427221e+00
  5.00512219e+00  6.21613148e+00 -2.37804260e+00]",6.61999597323479e+33
2,"[ 0.00000000e+00 -1.30677270e+00 -8.31569525e+00 -6.30083600e+00
  3.81084816e-02  8.13236610e-05 -8.12409378e+00  1.84427221e+00
  5.00512219e+00  6.21613148e+00 -2.37804260e+00]",6.61999597323479e+33
2,"[ 0.00000000e+00 -1.30677270e+00 -8.31569525e+00 -6.30083600e+00
  3.81084816e-02  8.13236610e-05 -8.12409378e+00  1.84427221e+00
  5.00512219e+00  6.21613148e+00 -2.37804260e+00]",6.61999597323479e+33
2,"[ 0.00000000e+00 -1.30677270e+00 -8.31569525e+00 -6.30083600e+00
  3.81084816e-02  8.13236610e-05 -8.12409378e+00  1.84427221e+00
  5.00512219e+00  6.21613148e+00 -2.37804260e+00]",6.61999597323479e+33
2,"[-3.94268837e+00  5.34360650e+00 -8.33055727e+00 -4.51653920e+00
  2.40057631e+00  8.13236610e-05 -4.46051922e+00 -1.25158557e-07
  3.48409638e-08 -3.38437963e+00 -4.11153245e+00]",2.0022148682897522e+34
2,"[-3.94268837e+00  5.34360650e+00 -8.33055727e+00 -4.51653920e+00
  2.40057631e+00  8.13236610e-05 -4.46051922e+00 -1.25158557e-07
  3.48409638e-08 -3.38437963e+00 -4.11153245e+00]",2.0022148682897522e+34
2,"[-3.94268837e+00  5.34360650e+00 -8.33055727e+00 -4.51653920e+00
  2.40057631e+00  8.13236610e-05 -4.46051922e+00 -1.25158557e-07
  3.48409638e-08 -3.38437963e+00 -4.11153245e+00]",2.0022148682897522e+34
2,"[-3.94268837e+00  5.34360650e+00 -8.33055727e+00 -4.51653920e+00
  2.40057631e+00  8.13236610e-05 -4.46051922e+00 -1.25158557e-07
  3.48409638e-08 -3.38437963e+00 -4.11153245e+00]",2.0022148682897522e+34
2,"[-3.94268837e+00  5.34360650e+00 -8.33055727e+00 -4.51653920e+00
  2.40057631e+00  8.13236610e-05 -4.46051922e+00 -1.25158557e-07
  3.48409638e-08 -3.38437963e+00 -4.11153245e+00]",2.0022148682897522e+34
2,"[-3.94268837e+00  5.34360650e+00 -8.33055727e+00 -4.51653920e+00
  2.40057631e+00  8.13236610e-05 -4.46051922e+00 -1.25158557e-07
  3.48409638e-08 -3.38437963e+00 -4.11153245e+00]",2.0022148682897522e+34
2,"[ 5.68702476e+00  8.70312692e+00 -6.21194106e+00 -4.18453972e+00
  4.37469230e+00 -9.96039841e+00  6.18637029e+00 -1.25158557e-07
  3.48409638e-08  4.16149250e-11  5.18478891e+00]",3.1733876480583764e+34
2,"[ 5.68702476e+00  8.70312692e+00 -6.21194106e+00 -4.18453972e+00
  4.37469230e+00 -9.96039841e+00  6.18637029e+00 -1.25158557e-07
  3.48409638e-08  4.16149250e-11  5.18478891e+00]",3.1733876480583764e+34
2,"[ 5.68702476e+00  8.70312692e+00 -6.21194106e+00 -4.18453972e+00
  4.37469230e+00 -9.96039841e+00  6.18637029e+00 -1.25158557e-07
  3.48409638e-08  4.16149250e-11  5.18478891e+00]",3.1733876480583764e+34
2,"[-4.25168112e+00 -5.10957464e+00 -5.11655351e+00  5.77205849e+00
 -3.04514872e+00 -2.59052257e+00 -6.01876916e-05 -1.25158557e-07
  3.36849307e+00 -5.61318554e+00  5.55963597e+00]",3.6390794491779055e+34
2,"[-4.25168112e+00 -5.10957464e+00 -5.11655351e+00  5.77205849e+00
 -3.04514872e+00 -2.59052257e+00 -6.01876916e-05 -1.25158557e-07
  3.36849307e+00 -5.61318554e+00  5.55963597e+00]",3.6390794491779055e+34
2,"[-4.25168112e+00 -5.10957464e+00 -5.11655351e+00  5.77205849e+00
 -3.04514872e+00 -2.59052257e+00 -6.01876916e-05 -1.25158557e-07
  3.36849307e+00 -5.61318554e+00  5.55963597e+00]",3.6390794491779055e+34
2,"[-4.25168112e+00 -5.10957464e+00 -5.11655351e+00  5.77205849e+00
 -3.04514872e+00 -2.59052257e+00 -6.01876916e-05 -1.25158557e-07
  3.36849307e+00 -5.61318554e+00  5.55963597e+00]",3.6390794491779055e+34
2,"[-4.25168112e+00 -5.10957464e+00 -5.11655351e+00  5.77205849e+00
 -3.04514872e+00 -2.59052257e+00 -6.01876916e-05 -1.25158557e-07
  3.36849307e+00 -5.61318554e+00  5.55963597e+00]",3.6390794491779055e+34
2,"[-7.79438475e+00  1.73224211e+00 -2.80994016e+00 -1.70983357e+00
 -9.51291718e+00  8.13236610e-05 -6.01876916e-05 -4.80343751e+00
  3.48409638e-08  7.70418751e+00  5.62215913e+00]",3.753301212590339e+34
2,"[-7.79438475e+00  1.73224211e+00 -2.80994016e+00 -1.70983357e+00
 -9.51291718e+00  8.13236610e-05 -6.01876916e-05 -4.80343751e+00
  3.48409638e-08  7.70418751e+00  5.62215913e+00]",3.753301212590339e+34
2,"[-7.79438475e+00  1.73224211e+00 -2.80994016e+00 -1.70983357e+00
 -9.51291718e+00  8.13236610e-05 -6.01876916e-05 -4.80343751e+00
  3.48409638e-08  7.70418751e+00  5.62215913e+00]",3.753301212590339e+34
2,"[-7.79438475e+00  1.73224211e+00 -2.80994016e+00 -1.70983357e+00
 -9.51291718e+00  8.13236610e-05 -6.01876916e-05 -4.80343751e+00
  3.48409638e-08  7.70418751e+00  5.62215913e+00]",3.753301212590339e+34
2,"[-7.79438475e+00  1.73224211e+00 -2.80994016e+00 -1.70983357e+00
 -9.51291718e+00  8.13236610e-05 -6.01876916e-05 -4.80343751e+00
  3.48409638e-08  7.70418751e+00  5.62215913e+00]",3.753301212590339e+34
2,"[-7.79438475e+00  1.73224211e+00 -2.80994016e+00 -1.70983357e+00
 -9.51291718e+00  8.13236610e-05 -6.01876916e-05 -4.80343751e+00
  3.48409638e-08  7.70418751e+00  5.62215913e+00]",3.753301212590339e+34
2,"[-7.79438475e+00  1.73224211e+00 -2.80994016e+00 -1.70983357e+00
 -9.51291718e+00  8.13236610e-05 -6.01876916e-05 -4.80343751e+00
  3.48409638e-08  7.70418751e+00  5.62215913e+00]",3.753301212590339e+34
2,"[ 9.92336336e+00 -5.46241118e-01  4.76570256e-01  1.81922007e+00
 -3.33771006e+00 -1.91431036e+00 -6.01876916e-05 -1.25158557e-07
 -4.19439091e-01 -1.79380253e+00 -6.01698057e+00]",4.278952741588724e+34
2,"[ 9.92336336e+00 -5.46241118e-01  4.76570256e-01  1.81922007e+00
 -3.33771006e+00 -1.91431036e+00 -6.01876916e-05 -1.25158557e-07
 -4.19439091e-01 -1.79380253e+00 -6.01698057e+00]",4.278952741588724e+34
2,"[ 9.92336336e+00 -5.46241118e-01  4.76570256e-01  1.81922007e+00
 -3.33771006e+00 -1.91431036e+00 -6.01876916e-05 -1.25158557e-07
 -4.19439091e-01 -1.79380253e+00 -6.01698057e+00]",4.278952741588724e+34
2,"[ 9.92336336e+00 -5.46241118e-01  4.76570256e-01  1.81922007e+00
 -3.33771006e+00 -1.91431036e+00 -6.01876916e-05 -1.25158557e-07
 -4.19439091e-01 -1.79380253e+00 -6.01698057e+00]",4.278952741588724e+34
2,"[ 9.92336336e+00 -5.46241118e-01  4.76570256e-01  1.81922007e+00
 -3.33771006e+00 -1.91431036e+00 -6.01876916e-05 -1.25158557e-07
 -4.19439091e-01 -1.79380253e+00 -6.01698057e+00]",4.278952741588724e+34
2,"[ 9.92336336e+00 -5.46241118e-01  4.76570256e-01  1.81922007e+00
 -3.33771006e+00 -1.91431036e+00 -6.01876916e-05 -1.25158557e-07
 -4.19439091e-01 -1.79380253e+00 -6.01698057e+00]",4.278952741588724e+34
2,"[ 5.78437302e+00 -1.42292536e+00  1.59745538e+00 -1.64584329e-01
 -6.55648985e+00 -4.67501232e+00 -6.01876916e-05  7.89944772e-01
  3.48409638e-08  6.10540004e+00  6.24756981e+00]",4.626205121804624e+34
2,"[ 5.78437302e+00 -1.42292536e+00  1.59745538e+00 -1.64584329e-01
 -6.55648985e+00 -4.67501232e+00 -6.01876916e-05  7.89944772e-01
  3.48409638e-08  6.10540004e+00  6.24756981e+00]",4.626205121804624e+34
2,"[ 5.78437302e+00 -1.42292536e+00  1.59745538e+00 -1.64584329e-01
 -6.55648985e+00 -4.67501232e+00 -6.01876916e-05  7.89944772e-01
  3.48409638e-08  6.10540004e+00  6.24756981e+00]",4.626205121804624e+34
2,"[ 5.78437302e+00 -1.42292536e+00  1.59745538e+00 -1.64584329e-01
 -6.55648985e+00 -4.67501232e+00 -6.01876916e-05  7.89944772e-01
  3.48409638e-08  6.10540004e+00  6.24756981e+00]",4.626205121804624e+34
2,"[ 1.56053588e+00  5.25525640e+00 -6.21194106e+00  6.09601871e+00
 -5.46959906e+00  8.80963721e+00 -6.52207099e-01 -9.87046352e+00
  3.48409638e-08 -4.99440369e+00 -6.85738616e+00]",5.567269098220841e+34
2,"[ 1.56053588e+00  5.25525640e+00 -6.21194106e+00  6.09601871e+00
 -5.46959906e+00  8.80963721e+00 -6.52207099e-01 -9.87046352e+00
  3.48409638e-08 -4.99440369e+00 -6.85738616e+00]",5.567269098220841e+34
2,"[ 1.56053588e+00  5.25525640e+00 -6.21194106e+00  6.09601871e+00
 -5.46959906e+00  8.80963721e+00 -6.52207099e-01 -9.87046352e+00
  3.48409638e-08 -4.99440369e+00 -6.85738616e+00]",5.567269098220841e+34
2,"[ 1.56053588e+00  5.25525640e+00 -6.21194106e+00  6.09601871e+00
 -5.46959906e+00  8.80963721e+00 -6.52207099e-01 -9.87046352e+00
  3.48409638e-08 -4.99440369e+00 -6.85738616e+00]",5.567269098220841e+34
2,"[ 1.56053588e+00  5.25525640e+00 -6.21194106e+00  6.09601871e+00
 -5.46959906e+00  8.80963721e+00 -6.52207099e-01 -9.87046352e+00
  3.48409638e-08 -4.99440369e+00 -6.85738616e+00]",5.567269098220841e+34
2,"[-2.41226671  2.39955274  7.96802992  0.05900768 -5.21764652 -8.01453573
  5.25488033  3.12846965 -6.25860058  7.93193278  8.1120301 ]",7.79390721862524e+34
2,"[-2.41226671  2.39955274  7.96802992  0.05900768 -5.21764652 -8.01453573
  5.25488033  3.12846965 -6.25860058  7.93193278  8.1120301 ]",7.79390721862524e+34
2,"[-2.41226671  2.39955274  7.96802992  0.05900768 -5.21764652 -8.01453573
  5.25488033  3.12846965 -6.25860058  7.93193278  8.1120301 ]",7.79390721862524e+34
2,"[-2.41226671  2.39955274  7.96802992  0.05900768 -5.21764652 -8.01453573
  5.25488033  3.12846965 -6.25860058  7.93193278  8.1120301 ]",7.79390721862524e+34
2,"[-2.41226671  2.39955274  7.96802992  0.05900768 -5.21764652 -8.01453573
  5.25488033  3.12846965 -6.25860058  7.93193278  8.1120301 ]",7.79390721862524e+34
2,"[-2.41226671  2.39955274  7.96802992  0.05900768 -5.21764652 -8.01453573
  5.25488033  3.12846965 -6.25860058  7.93193278  8.1120301 ]",7.79390721862524e+34
3,"[-5.26077843e+00  3.17556557e-01  3.24753170e+00 -4.99445157e+00
 -2.71541144e-02 -1.37994046e+00 -4.77023574e-01  1.90106066e-01
  2.79710145e-01  1.58463407e+00 -6.73242018e-12]",2975007.6051959647
3,"[ 1.57750889e+00 -5.10957464e+00  2.55576458e+00  5.77205849e+00
 -7.80406126e+00 -2.59052257e+00 -6.01876916e-05  7.80147604e+00
  3.36849307e+00 -5.61318554e+00  7.54662227e+00]",3635403.457969182
3,"[ 2.69524007e+00  5.34360650e+00 -6.62763660e+00  1.66555019e-01
 -4.22064950e+00  8.13236610e-05 -4.46051922e+00  1.39250370e+00
  3.48409638e-08 -3.38437963e+00 -4.11153245e+00]",3672292.263543099
3,"[ 1.32865280e+00 -8.23793627e+00 -8.86589327e+00 -9.28785187e+00
 -4.23757935e+00  8.13236610e-05  5.47825228e+00  8.63081463e+00
  2.79487656e+00  5.33344798e+00 -5.50149345e-01]",3672961.9386523003
3,"[-3.36310239e+00 -6.35869879e+00  4.64979718e+00  6.27286382e+00
 -8.74301669e+00  8.13236610e-05 -2.00074067e+00 -4.22295851e+00
  3.48409638e-08  8.68010624e+00 -6.73242018e-12]",3675363.1347357435
3,"[ 5.78437302e+00  8.69173326e+00 -7.66855321e+00 -1.64584329e-01
 -8.72036629e+00 -3.01369909e+00 -6.01876916e-05  7.89944772e-01
  3.48409638e-08  4.35517340e+00  6.24756981e+00]",3675968.547103318
3,"[ 7.70492258e+00  2.83651994e+00 -1.28615698e+00 -3.42970982e+00
 -3.14894369e+00  5.43976602e+00 -8.51155435e+00 -1.25158557e-07
 -9.83342913e+00  9.72325017e+00 -6.73242018e-12]",3680402.0211846638
3,"[-4.38717499 -3.05847055 -0.45228219  4.89462029 -6.55849557  0.97354584
  2.92465204 -2.48763673  6.57625078  9.39677204 -0.47043909]",3681224.462880908
3,"[ 0.          0.12403175 -1.80841234 -2.55002828 -6.91969931  4.60818929
 -1.1366398   9.58660838 -2.38209197  0.06461451  3.96069788]",3681491.578993837
3,"[-6.62789900e+00  9.58061430e+00 -6.21194106e+00  6.98610015e+00
  5.44201617e+00  2.30543459e+00 -6.01876916e-05 -4.30959266e+00
 -9.46298529e+00 -1.92263942e+00 -9.13719525e+00]",3687782.2280332954
3,"[-6.23277271e+00 -6.57161089e+00  2.57298037e+00 -7.16589645e+00
  3.81084816e-02 -5.96983333e+00  8.73558973e+00 -6.85030518e+00
  3.48409638e-08  1.82777465e-01 -1.09170119e+00]",3687800.485152947
3,"[-2.04908937e-01 -5.46241118e-01 -6.22307630e+00  1.81922007e+00
 -3.33771006e+00 -1.91431036e+00  4.67151448e+00 -1.25158557e-07
 -4.19439091e-01  5.69513164e+00 -6.01698057e+00]",3688247.381559155
3,"[ 3.66836309e+00 -9.07361606e+00 -6.21194106e+00  3.31105917e-01
 -1.66385135e+00  6.75672267e-02  9.77780724e+00  1.06679737e+00
  9.71389426e+00  4.16149250e-11 -6.73242018e-12]",3688456.4876041645
3,"[ 5.68702476e+00  8.70312692e+00 -6.13900655e+00 -4.18453972e+00
  4.37469230e+00 -9.96039841e+00  6.18637029e+00 -1.25158557e-07
  1.28081529e-01  3.13076151e+00  5.18478891e+00]",3688953.332984026
3,"[ 2.86959416e+00  9.49208427e-01 -2.80994016e+00 -1.70983357e+00
 -9.51291718e+00  8.13236610e-05 -6.01876916e-05 -4.80343751e+00
  3.48409638e-08 -1.31384140e+00  5.62215913e+00]",3689791.943140685
3,"[ 1.93647515e+00 -1.07163521e+00  9.83626092e+00 -6.30083600e+00
  3.81084816e-02  8.13236610e-05 -8.12409378e+00  4.10122559e+00
  5.00512219e+00  6.21613148e+00  8.73328563e-01]",3709623.9636934046
3,"[-1.88962099e+00  2.98791376e+00 -4.48012850e+00  4.93390314e-02
  3.81084816e-02  8.13236610e-05  7.45715245e+00 -5.76557765e+00
 -1.27350332e+00 -8.23242463e+00 -9.24632949e+00]",3742581.643775666
3,"[-2.41226671 -2.0014652   7.96802992  5.62734278 -5.21764652 -7.41200188
  5.25488033  3.12846965  4.14597352 -0.17460893  2.69634376]",3774523.483063599
3,"[ 8.89916645  4.60202535  7.69577238  0.04933903  5.82612997 -4.00343383
 -0.76998656  2.38746255  1.19004402  2.08727619 -2.33720041]",3809489.3587838965
3,"[ 9.02002398e+00  5.25525640e+00 -6.21194106e+00  6.09601871e+00
 -9.16476443e+00 -1.15512547e+00 -6.52207099e-01 -9.87046352e+00
  3.48409638e-08 -9.54339076e+00 -6.85738616e+00]",3834319.331544601
3,"[ 3.66836309e+00 -9.07361606e+00 -6.21194106e+00  3.31105917e-01
 -1.66385135e+00  6.75672267e-02  9.77780724e+00  1.06679737e+00
  9.71389426e+00  4.16149250e-11 -6.73242018e-12]",2.377024463739633e+28
3,"[ 3.66836309e+00 -9.07361606e+00 -6.21194106e+00  3.31105917e-01
 -1.66385135e+00  6.75672267e-02  9.77780724e+00  1.06679737e+00
  9.71389426e+00  4.16149250e-11 -6.73242018e-12]",2.377024463739633e+28
3,"[ 3.66836309e+00 -9.07361606e+00 -6.21194106e+00  3.31105917e-01
 -1.66385135e+00  6.75672267e-02  9.77780724e+00  1.06679737e+00
  9.71389426e+00  4.16149250e-11 -6.73242018e-12]",2.377024463739633e+28
3,"[ 3.66836309e+00 -9.07361606e+00 -6.21194106e+00  3.31105917e-01
 -1.66385135e+00  6.75672267e-02  9.77780724e+00  1.06679737e+00
  9.71389426e+00  4.16149250e-11 -6.73242018e-12]",2.377024463739633e+28
3,"[-5.26077843e+00  3.17556557e-01  3.24753170e+00 -4.99445157e+00
 -2.71541144e-02 -1.37994046e+00 -4.77023574e-01  1.90106066e-01
  2.79710145e-01  1.58463407e+00 -6.73242018e-12]",1.365898881728013e+30
3,"[-5.26077843e+00  3.17556557e-01  3.24753170e+00 -4.99445157e+00
 -2.71541144e-02 -1.37994046e+00 -4.77023574e-01  1.90106066e-01
  2.79710145e-01  1.58463407e+00 -6.73242018e-12]",1.365898881728013e+30
3,"[-5.26077843e+00  3.17556557e-01  3.24753170e+00 -4.99445157e+00
 -2.71541144e-02 -1.37994046e+00 -4.77023574e-01  1.90106066e-01
  2.79710145e-01  1.58463407e+00 -6.73242018e-12]",1.365898881728013e+30
3,"[-5.26077843e+00  3.17556557e-01  3.24753170e+00 -4.99445157e+00
 -2.71541144e-02 -1.37994046e+00 -4.77023574e-01  1.90106066e-01
  2.79710145e-01  1.58463407e+00 -6.73242018e-12]",1.365898881728013e+30
3,"[-5.26077843e+00  3.17556557e-01  3.24753170e+00 -4.99445157e+00
 -2.71541144e-02 -1.37994046e+00 -4.77023574e-01  1.90106066e-01
  2.79710145e-01  1.58463407e+00 -6.73242018e-12]",1.365898881728013e+30
3,"[-3.36310239e+00 -6.35869879e+00  4.64979718e+00  6.27286382e+00
 -8.74301669e+00  8.13236610e-05 -2.00074067e+00 -4.22295851e+00
  3.48409638e-08  8.68010624e+00 -6.73242018e-12]",4.092451517783909e+31
3,"[-3.36310239e+00 -6.35869879e+00  4.64979718e+00  6.27286382e+00
 -8.74301669e+00  8.13236610e-05 -2.00074067e+00 -4.22295851e+00
  3.48409638e-08  8.68010624e+00 -6.73242018e-12]",4.092451517783909e+31
3,"[-3.36310239e+00 -6.35869879e+00  4.64979718e+00  6.27286382e+00
 -8.74301669e+00  8.13236610e-05 -2.00074067e+00 -4.22295851e+00
  3.48409638e-08  8.68010624e+00 -6.73242018e-12]",4.092451517783909e+31
3,"[ 7.70492258e+00  2.83651994e+00 -1.28615698e+00 -3.42970982e+00
 -3.14894369e+00  5.43976602e+00 -8.51155435e+00 -1.25158557e-07
 -9.83342913e+00  9.72325017e+00 -6.73242018e-12]",5.114343592482765e+31
3,"[ 7.70492258e+00  2.83651994e+00 -1.28615698e+00 -3.42970982e+00
 -3.14894369e+00  5.43976602e+00 -8.51155435e+00 -1.25158557e-07
 -9.83342913e+00  9.72325017e+00 -6.73242018e-12]",5.114343592482765e+31
3,"[ 7.70492258e+00  2.83651994e+00 -1.28615698e+00 -3.42970982e+00
 -3.14894369e+00  5.43976602e+00 -8.51155435e+00 -1.25158557e-07
 -9.83342913e+00  9.72325017e+00 -6.73242018e-12]",5.114343592482765e+31
3,"[-4.38717499 -3.05847055 -0.45228219  4.89462029 -6.55849557  0.97354584
  2.92465204 -2.48763673  6.57625078  9.39677204 -0.47043909]",2.8693261498446125e+32
3,"[-4.38717499 -3.05847055 -0.45228219  4.89462029 -6.55849557  0.97354584
  2.92465204 -2.48763673  6.57625078  9.39677204 -0.47043909]",2.8693261498446125e+32
3,"[-4.38717499 -3.05847055 -0.45228219  4.89462029 -6.55849557  0.97354584
  2.92465204 -2.48763673  6.57625078  9.39677204 -0.47043909]",2.8693261498446125e+32
3,"[ 1.32865280e+00 -8.23793627e+00 -8.86589327e+00 -9.28785187e+00
 -4.23757935e+00  8.13236610e-05  5.47825228e+00  8.63081463e+00
  2.79487656e+00  5.33344798e+00 -5.50149345e-01]",3.584429612329674e+32
3,"[ 1.32865280e+00 -8.23793627e+00 -8.86589327e+00 -9.28785187e+00
 -4.23757935e+00  8.13236610e-05  5.47825228e+00  8.63081463e+00
  2.79487656e+00  5.33344798e+00 -5.50149345e-01]",3.584429612329674e+32
3,"[ 1.32865280e+00 -8.23793627e+00 -8.86589327e+00 -9.28785187e+00
 -4.23757935e+00  8.13236610e-05  5.47825228e+00  8.63081463e+00
  2.79487656e+00  5.33344798e+00 -5.50149345e-01]",3.584429612329674e+32
3,"[ 1.32865280e+00 -8.23793627e+00 -8.86589327e+00 -9.28785187e+00
 -4.23757935e+00  8.13236610e-05  5.47825228e+00  8.63081463e+00
  2.79487656e+00  5.33344798e+00 -5.50149345e-01]",3.584429612329674e+32
3,"[ 1.32865280e+00 -8.23793627e+00 -8.86589327e+00 -9.28785187e+00
 -4.23757935e+00  8.13236610e-05  5.47825228e+00  8.63081463e+00
  2.79487656e+00  5.33344798e+00 -5.50149345e-01]",3.584429612329674e+32
3,"[ 1.32865280e+00 -8.23793627e+00 -8.86589327e+00 -9.28785187e+00
 -4.23757935e+00  8.13236610e-05  5.47825228e+00  8.63081463e+00
  2.79487656e+00  5.33344798e+00 -5.50149345e-01]",3.584429612329674e+32
3,"[ 1.32865280e+00 -8.23793627e+00 -8.86589327e+00 -9.28785187e+00
 -4.23757935e+00  8.13236610e-05  5.47825228e+00  8.63081463e+00
  2.79487656e+00  5.33344798e+00 -5.50149345e-01]",3.584429612329674e+32
3,"[ 1.32865280e+00 -8.23793627e+00 -8.86589327e+00 -9.28785187e+00
 -4.23757935e+00  8.13236610e-05  5.47825228e+00  8.63081463e+00
  2.79487656e+00  5.33344798e+00 -5.50149345e-01]",3.584429612329674e+32
3,"[ 1.93647515e+00 -1.07163521e+00  9.83626092e+00 -6.30083600e+00
  3.81084816e-02  8.13236610e-05 -8.12409378e+00  4.10122559e+00
  5.00512219e+00  6.21613148e+00  8.73328563e-01]",9.496864109474895e+32
3,"[ 1.93647515e+00 -1.07163521e+00  9.83626092e+00 -6.30083600e+00
  3.81084816e-02  8.13236610e-05 -8.12409378e+00  4.10122559e+00
  5.00512219e+00  6.21613148e+00  8.73328563e-01]",9.496864109474895e+32
3,"[ 1.93647515e+00 -1.07163521e+00  9.83626092e+00 -6.30083600e+00
  3.81084816e-02  8.13236610e-05 -8.12409378e+00  4.10122559e+00
  5.00512219e+00  6.21613148e+00  8.73328563e-01]",9.496864109474895e+32
3,"[ 1.93647515e+00 -1.07163521e+00  9.83626092e+00 -6.30083600e+00
  3.81084816e-02  8.13236610e-05 -8.12409378e+00  4.10122559e+00
  5.00512219e+00  6.21613148e+00  8.73328563e-01]",9.496864109474895e+32
3,"[ 1.93647515e+00 -1.07163521e+00  9.83626092e+00 -6.30083600e+00
  3.81084816e-02  8.13236610e-05 -8.12409378e+00  4.10122559e+00
  5.00512219e+00  6.21613148e+00  8.73328563e-01]",9.496864109474895e+32
3,"[ 1.93647515e+00 -1.07163521e+00  9.83626092e+00 -6.30083600e+00
  3.81084816e-02  8.13236610e-05 -8.12409378e+00  4.10122559e+00
  5.00512219e+00  6.21613148e+00  8.73328563e-01]",9.496864109474895e+32
3,"[ 1.93647515e+00 -1.07163521e+00  9.83626092e+00 -6.30083600e+00
  3.81084816e-02  8.13236610e-05 -8.12409378e+00  4.10122559e+00
  5.00512219e+00  6.21613148e+00  8.73328563e-01]",9.496864109474895e+32
3,"[ 8.89916645  4.60202535  7.69577238  0.04933903  5.82612997 -4.00343383
 -0.76998656  2.38746255  1.19004402  2.08727619 -2.33720041]",6.426659526882846e+33
3,"[ 8.89916645  4.60202535  7.69577238  0.04933903  5.82612997 -4.00343383
 -0.76998656  2.38746255  1.19004402  2.08727619 -2.33720041]",6.426659526882846e+33
3,"[ 8.89916645  4.60202535  7.69577238  0.04933903  5.82612997 -4.00343383
 -0.76998656  2.38746255  1.19004402  2.08727619 -2.33720041]",6.426659526882846e+33
3,"[ 8.89916645  4.60202535  7.69577238  0.04933903  5.82612997 -4.00343383
 -0.76998656  2.38746255  1.19004402  2.08727619 -2.33720041]",6.426659526882846e+33
3,"[ 8.89916645  4.60202535  7.69577238  0.04933903  5.82612997 -4.00343383
 -0.76998656  2.38746255  1.19004402  2.08727619 -2.33720041]",6.426659526882846e+33
3,"[ 8.89916645  4.60202535  7.69577238  0.04933903  5.82612997 -4.00343383
 -0.76998656  2.38746255  1.19004402  2.08727619 -2.33720041]",6.426659526882846e+33
3,"[ 8.89916645  4.60202535  7.69577238  0.04933903  5.82612997 -4.00343383
 -0.76998656  2.38746255  1.19004402  2.08727619 -2.33720041]",6.426659526882846e+33
3,"[ 8.89916645  4.60202535  7.69577238  0.04933903  5.82612997 -4.00343383
 -0.76998656  2.38746255  1.19004402  2.08727619 -2.33720041]",6.426659526882846e+33
3,"[ 8.89916645  4.60202535  7.69577238  0.04933903  5.82612997 -4.00343383
 -0.76998656  2.38746255  1.19004402  2.08727619 -2.33720041]",6.426659526882846e+33
3,"[-2.41226671 -2.0014652   7.96802992  5.62734278 -5.21764652 -7.41200188
  5.25488033  3.12846965  4.14597352 -0.17460893  2.69634376]",8.59261220135451e+33
3,"[-2.41226671 -2.0014652   7.96802992  5.62734278 -5.21764652 -7.41200188
  5.25488033  3.12846965  4.14597352 -0.17460893  2.69634376]",8.59261220135451e+33
3,"[-2.41226671 -2.0014652   7.96802992  5.62734278 -5.21764652 -7.41200188
  5.25488033  3.12846965  4.14597352 -0.17460893  2.69634376]",8.59261220135451e+33
3,"[-2.41226671 -2.0014652   7.96802992  5.62734278 -5.21764652 -7.41200188
  5.25488033  3.12846965  4.14597352 -0.17460893  2.69634376]",8.59261220135451e+33
3,"[-2.41226671 -2.0014652   7.96802992  5.62734278 -5.21764652 -7.41200188
  5.25488033  3.12846965  4.14597352 -0.17460893  2.69634376]",8.59261220135451e+33
3,"[-2.41226671 -2.0014652   7.96802992  5.62734278 -5.21764652 -7.41200188
  5.25488033  3.12846965  4.14597352 -0.17460893  2.69634376]",8.59261220135451e+33
3,"[ 0.          0.12403175 -1.80841234 -2.55002828 -6.91969931  4.60818929
 -1.1366398   9.58660838 -2.38209197  0.06461451  3.96069788]",1.8509386052609382e+34
3,"[ 0.          0.12403175 -1.80841234 -2.55002828 -6.91969931  4.60818929
 -1.1366398   9.58660838 -2.38209197  0.06461451  3.96069788]",1.8509386052609382e+34
3,"[ 0.          0.12403175 -1.80841234 -2.55002828 -6.91969931  4.60818929
 -1.1366398   9.58660838 -2.38209197  0.06461451  3.96069788]",1.8509386052609382e+34
3,"[ 0.          0.12403175 -1.80841234 -2.55002828 -6.91969931  4.60818929
 -1.1366398   9.58660838 -2.38209197  0.06461451  3.96069788]",1.8509386052609382e+34
3,"[ 2.69524007e+00  5.34360650e+00 -6.62763660e+00  1.66555019e-01
 -4.22064950e+00  8.13236610e-05 -4.46051922e+00  1.39250370e+00
  3.48409638e-08 -3.38437963e+00 -4.11153245e+00]",2.0022130999401412e+34
3,"[ 2.69524007e+00  5.34360650e+00 -6.62763660e+00  1.66555019e-01
 -4.22064950e+00  8.13236610e-05 -4.46051922e+00  1.39250370e+00
  3.48409638e-08 -3.38437963e+00 -4.11153245e+00]",2.0022130999401412e+34
3,"[ 2.69524007e+00  5.34360650e+00 -6.62763660e+00  1.66555019e-01
 -4.22064950e+00  8.13236610e-05 -4.46051922e+00  1.39250370e+00
  3.48409638e-08 -3.38437963e+00 -4.11153245e+00]",2.0022130999401412e+34
3,"[ 2.69524007e+00  5.34360650e+00 -6.62763660e+00  1.66555019e-01
 -4.22064950e+00  8.13236610e-05 -4.46051922e+00  1.39250370e+00
  3.48409638e-08 -3.38437963e+00 -4.11153245e+00]",2.0022130999401412e+34
3,"[ 2.69524007e+00  5.34360650e+00 -6.62763660e+00  1.66555019e-01
 -4.22064950e+00  8.13236610e-05 -4.46051922e+00  1.39250370e+00
  3.48409638e-08 -3.38437963e+00 -4.11153245e+00]",2.0022130999401412e+34
3,"[ 2.69524007e+00  5.34360650e+00 -6.62763660e+00  1.66555019e-01
 -4.22064950e+00  8.13236610e-05 -4.46051922e+00  1.39250370e+00
  3.48409638e-08 -3.38437963e+00 -4.11153245e+00]",2.0022130999401412e+34
3,"[ 2.69524007e+00  5.34360650e+00 -6.62763660e+00  1.66555019e-01
 -4.22064950e+00  8.13236610e-05 -4.46051922e+00  1.39250370e+00
  3.48409638e-08 -3.38437963e+00 -4.11153245e+00]",2.0022130999401412e+34
3,"[ 2.69524007e+00  5.34360650e+00 -6.62763660e+00  1.66555019e-01
 -4.22064950e+00  8.13236610e-05 -4.46051922e+00  1.39250370e+00
  3.48409638e-08 -3.38437963e+00 -4.11153245e+00]",2.0022130999401412e+34
3,"[ 2.69524007e+00  5.34360650e+00 -6.62763660e+00  1.66555019e-01
 -4.22064950e+00  8.13236610e-05 -4.46051922e+00  1.39250370e+00
  3.48409638e-08 -3.38437963e+00 -4.11153245e+00]",2.0022130999401412e+34
3,"[ 5.68702476e+00  8.70312692e+00 -6.13900655e+00 -4.18453972e+00
  4.37469230e+00 -9.96039841e+00  6.18637029e+00 -1.25158557e-07
  1.28081529e-01  3.13076151e+00  5.18478891e+00]",3.181010313797036e+34
3,"[ 5.68702476e+00  8.70312692e+00 -6.13900655e+00 -4.18453972e+00
  4.37469230e+00 -9.96039841e+00  6.18637029e+00 -1.25158557e-07
  1.28081529e-01  3.13076151e+00  5.18478891e+00]",3.181010313797036e+34
3,"[ 5.68702476e+00  8.70312692e+00 -6.13900655e+00 -4.18453972e+00
  4.37469230e+00 -9.96039841e+00  6.18637029e+00 -1.25158557e-07
  1.28081529e-01  3.13076151e+00  5.18478891e+00]",3.181010313797036e+34
3,"[ 2.86959416e+00  9.49208427e-01 -2.80994016e+00 -1.70983357e+00
 -9.51291718e+00  8.13236610e-05 -6.01876916e-05 -4.80343751e+00
  3.48409638e-08 -1.31384140e+00  5.62215913e+00]",3.728252257507583e+34
3,"[ 2.86959416e+00  9.49208427e-01 -2.80994016e+00 -1.70983357e+00
 -9.51291718e+00  8.13236610e-05 -6.01876916e-05 -4.80343751e+00
  3.48409638e-08 -1.31384140e+00  5.62215913e+00]",3.728252257507583e+34
3,"[ 2.86959416e+00  9.49208427e-01 -2.80994016e+00 -1.70983357e+00
 -9.51291718e+00  8.13236610e-05 -6.01876916e-05 -4.80343751e+00
  3.48409638e-08 -1.31384140e+00  5.62215913e+00]",3.728252257507583e+34
3,"[-2.04908937e-01 -5.46241118e-01 -6.22307630e+00  1.81922007e+00
 -3.33771006e+00 -1.91431036e+00  4.67151448e+00 -1.25158557e-07
 -4.19439091e-01  5.69513164e+00 -6.01698057e+00]",4.2610569847880695e+34
3,"[-2.04908937e-01 -5.46241118e-01 -6.22307630e+00  1.81922007e+00
 -3.33771006e+00 -1.91431036e+00  4.67151448e+00 -1.25158557e-07
 -4.19439091e-01  5.69513164e+00 -6.01698057e+00]",4.2610569847880695e+34
3,"[-2.04908937e-01 -5.46241118e-01 -6.22307630e+00  1.81922007e+00
 -3.33771006e+00 -1.91431036e+00  4.67151448e+00 -1.25158557e-07
 -4.19439091e-01  5.69513164e+00 -6.01698057e+00]",4.2610569847880695e+34
3,"[-2.04908937e-01 -5.46241118e-01 -6.22307630e+00  1.81922007e+00
 -3.33771006e+00 -1.91431036e+00  4.67151448e+00 -1.25158557e-07
 -4.19439091e-01  5.69513164e+00 -6.01698057e+00]",4.2610569847880695e+34
3,"[-2.04908937e-01 -5.46241118e-01 -6.22307630e+00  1.81922007e+00
 -3.33771006e+00 -1.91431036e+00  4.67151448e+00 -1.25158557e-07
 -4.19439091e-01  5.69513164e+00 -6.01698057e+00]",4.2610569847880695e+34
3,"[-2.04908937e-01 -5.46241118e-01 -6.22307630e+00  1.81922007e+00
 -3.33771006e+00 -1.91431036e+00  4.67151448e+00 -1.25158557e-07
 -4.19439091e-01  5.69513164e+00 -6.01698057e+00]",4.2610569847880695e+34
3,"[-2.04908937e-01 -5.46241118e-01 -6.22307630e+00  1.81922007e+00
 -3.33771006e+00 -1.91431036e+00  4.67151448e+00 -1.25158557e-07
 -4.19439091e-01  5.69513164e+00 -6.01698057e+00]",4.2610569847880695e+34
3,"[-2.04908937e-01 -5.46241118e-01 -6.22307630e+00  1.81922007e+00
 -3.33771006e+00 -1.91431036e+00  4.67151448e+00 -1.25158557e-07
 -4.19439091e-01  5.69513164e+00 -6.01698057e+00]",4.2610569847880695e+34
3,"[ 5.78437302e+00  8.69173326e+00 -7.66855321e+00 -1.64584329e-01
 -8.72036629e+00 -3.01369909e+00 -6.01876916e-05  7.89944772e-01
  3.48409638e-08  4.35517340e+00  6.24756981e+00]",4.62048275733708e+34
3,"[ 5.78437302e+00  8.69173326e+00 -7.66855321e+00 -1.64584329e-01
 -8.72036629e+00 -3.01369909e+00 -6.01876916e-05  7.89944772e-01
  3.48409638e-08  4.35517340e+00  6.24756981e+00]",4.62048275733708e+34
3,"[ 5.78437302e+00  8.69173326e+00 -7.66855321e+00 -1.64584329e-01
 -8.72036629e+00 -3.01369909e+00 -6.01876916e-05  7.89944772e-01
  3.48409638e-08  4.35517340e+00  6.24756981e+00]",4.62048275733708e+34
3,"[ 5.78437302e+00  8.69173326e+00 -7.66855321e+00 -1.64584329e-01
 -8.72036629e+00 -3.01369909e+00 -6.01876916e-05  7.89944772e-01
  3.48409638e-08  4.35517340e+00  6.24756981e+00]",4.62048275733708e+34
3,"[ 5.78437302e+00  8.69173326e+00 -7.66855321e+00 -1.64584329e-01
 -8.72036629e+00 -3.01369909e+00 -6.01876916e-05  7.89944772e-01
  3.48409638e-08  4.35517340e+00  6.24756981e+00]",4.62048275733708e+34
4,"[-5.26077843e+00  9.80067754e+00  3.24753170e+00 -4.99445157e+00
 -2.71541144e-02 -1.37994046e+00 -4.77023574e-01 -7.62696312e+00
 -5.56252776e-01  1.58463407e+00 -6.73242018e-12]",2975007.6051959647
4,"[ 1.57750889 -5.10957464  4.75014304  5.77205849 -7.80406126 -1.27560747
  7.29780915  7.80147604  3.36849307  7.77534018 -2.72061689]",3635403.457969182
4,"[ 3.96833259e+00  5.34360650e+00  1.49666981e-02  1.66555019e-01
 -4.22064950e+00  8.13236610e-05 -4.46051922e+00  1.39250370e+00
  8.30465822e+00  5.25392637e+00 -4.11153245e+00]",3672292.263543099
4,"[-5.19407992e+00 -8.23793627e+00 -8.86589327e+00 -3.62472995e-03
  9.86255336e+00  8.13236610e-05  4.88329237e+00  8.63081463e+00
  2.79487656e+00  5.33344798e+00  4.77215357e+00]",3672961.9386523003
4,"[-3.36310239e+00 -6.35869879e+00  4.64979718e+00 -4.97094685e+00
 -8.74301669e+00  6.73045830e+00 -2.00074067e+00 -4.22295851e+00
  6.60050667e+00  2.97358211e+00 -6.73242018e-12]",3675363.1347357435
4,"[ 5.78437302  8.69173326 -0.58682986 -0.16458433 -8.72036629 -3.01369909
  3.21705673  0.78994477  6.91519514  4.3551734   6.24756981]",3675968.547103318
4,"[ 7.70492258  2.83651994 -1.28615698 -3.42970982 -9.5743565   5.43976602
  0.84324545  7.90200962 -9.83342913  9.72325017  3.53621014]",3680402.0211846638
4,"[-4.38717499 -3.05847055 -0.45228219  4.89462029 -6.55849557 -4.64084925
  2.92465204  5.21217433  6.57625078  9.39677204  4.30934554]",3681224.462880908
4,"[ 7.13714273 -3.36998273 -1.80841234 -2.55002828 -6.91969931  4.60818929
 -1.1366398   2.27397659 -6.15721373 -4.78346523  3.96069788]",3681491.578993837
4,"[ 0.76539241 -4.57320283 -4.89675196  7.57896418  7.13869115 -5.7213542
  3.50068746 -4.30959266 -4.94731466 -1.92263942 -8.08517743]",3687782.2280332954
4,"[-1.02036136 -6.57161089  2.57298037 -7.16589645  0.03810848 -5.96983333
  8.73558973 -6.85030518 -5.69302383  0.18277747 -7.63622653]",3687800.485152947
4,"[-2.04908937e-01 -5.46241118e-01 -6.22307630e+00 -7.23880789e+00
 -3.33771006e+00 -2.61019623e+00  4.67151448e+00 -1.25158557e-07
  6.54248878e+00  5.69513164e+00 -2.38539801e+00]",3688247.381559155
4,"[ 3.66836309e+00  4.14679512e+00 -6.21194106e+00  3.31105917e-01
 -1.66385135e+00  6.75672267e-02  9.77780724e+00  1.06679737e+00
  9.71389426e+00  4.16149250e-11 -3.86276104e+00]",3688456.4876041645
4,"[ 5.68702476 -5.03173623 -6.13900655 -7.56978258  3.52769786 -9.96039841
  6.18637029 -8.31635539  7.18675952  3.13076151  5.18478891]",3688953.332984026
4,"[ 2.86959416e+00  9.49208427e-01 -2.80994016e+00  7.58433734e-01
 -9.51291718e+00  8.13236610e-05 -6.01876916e-05 -4.80343751e+00
  3.48409638e-08 -1.31384140e+00  5.62215913e+00]",3689791.943140685
4,"[ 4.61851799  6.47872937  9.83626092 -2.80549083  0.03810848  8.69225862
  8.94876563  4.10122559  5.00512219 -2.8217582  -2.89803729]",3709623.9636934046
4,"[-1.24558889e+00  2.98791376e+00 -4.48012850e+00  4.93390314e-02
  9.35359990e+00  8.13236610e-05 -7.93750847e+00 -5.76557765e+00
 -8.65038106e+00 -7.06350134e+00 -9.24632949e+00]",3742581.643775666
4,"[ 9.10256192 -2.0014652   7.72679856  5.62734278 -5.21764652  6.06651123
  5.25488033  3.12846965  4.14597352 -0.17460893 -3.13638176]",3774523.483063599
4,"[ 3.40301056  4.60202535  9.63454031  0.04933903  5.82612997 -4.00343383
 -0.76998656  5.48015573  1.19004402  1.37178232 -2.33720041]",3809489.3587838965
4,"[ 9.02002398e+00  5.25525640e+00 -6.21194106e+00  6.09601871e+00
 -9.16476443e+00 -3.08337889e+00 -6.52207099e-01 -9.87046352e+00
  3.48409638e-08 -9.54339076e+00 -6.85738616e+00]",3834319.331544601
4,"[-5.26077843e+00  9.80067754e+00  3.24753170e+00 -4.99445157e+00
 -2.71541144e-02 -1.37994046e+00 -4.77023574e-01 -7.62696312e+00
 -5.56252776e-01  1.58463407e+00 -6.73242018e-12]",1.3561951654927404e+30
4,"[-5.26077843e+00  9.80067754e+00  3.24753170e+00 -4.99445157e+00
 -2.71541144e-02 -1.37994046e+00 -4.77023574e-01 -7.62696312e+00
 -5.56252776e-01  1.58463407e+00 -6.73242018e-12]",1.3561951654927404e+30
4,"[-5.26077843e+00  9.80067754e+00  3.24753170e+00 -4.99445157e+00
 -2.71541144e-02 -1.37994046e+00 -4.77023574e-01 -7.62696312e+00
 -5.56252776e-01  1.58463407e+00 -6.73242018e-12]",1.3561951654927404e+30
4,"[-5.26077843e+00  9.80067754e+00  3.24753170e+00 -4.99445157e+00
 -2.71541144e-02 -1.37994046e+00 -4.77023574e-01 -7.62696312e+00
 -5.56252776e-01  1.58463407e+00 -6.73242018e-12]",1.3561951654927404e+30
4,"[-3.36310239e+00 -6.35869879e+00  4.64979718e+00 -4.97094685e+00
 -8.74301669e+00  6.73045830e+00 -2.00074067e+00 -4.22295851e+00
  6.60050667e+00  2.97358211e+00 -6.73242018e-12]",4.862062617355348e+30
4,"[-3.36310239e+00 -6.35869879e+00  4.64979718e+00 -4.97094685e+00
 -8.74301669e+00  6.73045830e+00 -2.00074067e+00 -4.22295851e+00
  6.60050667e+00  2.97358211e+00 -6.73242018e-12]",4.862062617355348e+30
4,"[-3.36310239e+00 -6.35869879e+00  4.64979718e+00 -4.97094685e+00
 -8.74301669e+00  6.73045830e+00 -2.00074067e+00 -4.22295851e+00
  6.60050667e+00  2.97358211e+00 -6.73242018e-12]",4.862062617355348e+30
4,"[-3.36310239e+00 -6.35869879e+00  4.64979718e+00 -4.97094685e+00
 -8.74301669e+00  6.73045830e+00 -2.00074067e+00 -4.22295851e+00
  6.60050667e+00  2.97358211e+00 -6.73242018e-12]",4.862062617355348e+30
4,"[ 3.40301056  4.60202535  9.63454031  0.04933903  5.82612997 -4.00343383
 -0.76998656  5.48015573  1.19004402  1.37178232 -2.33720041]",6.432523954008733e+33
4,"[ 3.40301056  4.60202535  9.63454031  0.04933903  5.82612997 -4.00343383
 -0.76998656  5.48015573  1.19004402  1.37178232 -2.33720041]",6.432523954008733e+33
4,"[ 3.40301056  4.60202535  9.63454031  0.04933903  5.82612997 -4.00343383
 -0.76998656  5.48015573  1.19004402  1.37178232 -2.33720041]",6.432523954008733e+33
4,"[ 3.40301056  4.60202535  9.63454031  0.04933903  5.82612997 -4.00343383
 -0.76998656  5.48015573  1.19004402  1.37178232 -2.33720041]",6.432523954008733e+33
4,"[ 3.40301056  4.60202535  9.63454031  0.04933903  5.82612997 -4.00343383
 -0.76998656  5.48015573  1.19004402  1.37178232 -2.33720041]",6.432523954008733e+33
4,"[ 3.40301056  4.60202535  9.63454031  0.04933903  5.82612997 -4.00343383
 -0.76998656  5.48015573  1.19004402  1.37178232 -2.33720041]",6.432523954008733e+33
4,"[-2.04908937e-01 -5.46241118e-01 -6.22307630e+00 -7.23880789e+00
 -3.33771006e+00 -2.61019623e+00  4.67151448e+00 -1.25158557e-07
  6.54248878e+00  5.69513164e+00 -2.38539801e+00]",6.659145784392904e+33
4,"[-2.04908937e-01 -5.46241118e-01 -6.22307630e+00 -7.23880789e+00
 -3.33771006e+00 -2.61019623e+00  4.67151448e+00 -1.25158557e-07
  6.54248878e+00  5.69513164e+00 -2.38539801e+00]",6.659145784392904e+33
4,"[-2.04908937e-01 -5.46241118e-01 -6.22307630e+00 -7.23880789e+00
 -3.33771006e+00 -2.61019623e+00  4.67151448e+00 -1.25158557e-07
  6.54248878e+00  5.69513164e+00 -2.38539801e+00]",6.659145784392904e+33
4,"[-2.04908937e-01 -5.46241118e-01 -6.22307630e+00 -7.23880789e+00
 -3.33771006e+00 -2.61019623e+00  4.67151448e+00 -1.25158557e-07
  6.54248878e+00  5.69513164e+00 -2.38539801e+00]",6.659145784392904e+33
4,"[ 1.57750889 -5.10957464  4.75014304  5.77205849 -7.80406126 -1.27560747
  7.29780915  7.80147604  3.36849307  7.77534018 -2.72061689]",8.669142849786647e+33
4,"[ 1.57750889 -5.10957464  4.75014304  5.77205849 -7.80406126 -1.27560747
  7.29780915  7.80147604  3.36849307  7.77534018 -2.72061689]",8.669142849786647e+33
4,"[ 1.57750889 -5.10957464  4.75014304  5.77205849 -7.80406126 -1.27560747
  7.29780915  7.80147604  3.36849307  7.77534018 -2.72061689]",8.669142849786647e+33
4,"[ 1.57750889 -5.10957464  4.75014304  5.77205849 -7.80406126 -1.27560747
  7.29780915  7.80147604  3.36849307  7.77534018 -2.72061689]",8.669142849786647e+33
4,"[ 1.57750889 -5.10957464  4.75014304  5.77205849 -7.80406126 -1.27560747
  7.29780915  7.80147604  3.36849307  7.77534018 -2.72061689]",8.669142849786647e+33
4,"[ 1.57750889 -5.10957464  4.75014304  5.77205849 -7.80406126 -1.27560747
  7.29780915  7.80147604  3.36849307  7.77534018 -2.72061689]",8.669142849786647e+33
4,"[ 4.61851799  6.47872937  9.83626092 -2.80549083  0.03810848  8.69225862
  8.94876563  4.10122559  5.00512219 -2.8217582  -2.89803729]",9.938285722963463e+33
4,"[ 4.61851799  6.47872937  9.83626092 -2.80549083  0.03810848  8.69225862
  8.94876563  4.10122559  5.00512219 -2.8217582  -2.89803729]",9.938285722963463e+33
4,"[ 4.61851799  6.47872937  9.83626092 -2.80549083  0.03810848  8.69225862
  8.94876563  4.10122559  5.00512219 -2.8217582  -2.89803729]",9.938285722963463e+33
4,"[ 4.61851799  6.47872937  9.83626092 -2.80549083  0.03810848  8.69225862
  8.94876563  4.10122559  5.00512219 -2.8217582  -2.89803729]",9.938285722963463e+33
4,"[ 4.61851799  6.47872937  9.83626092 -2.80549083  0.03810848  8.69225862
  8.94876563  4.10122559  5.00512219 -2.8217582  -2.89803729]",9.938285722963463e+33
4,"[ 4.61851799  6.47872937  9.83626092 -2.80549083  0.03810848  8.69225862
  8.94876563  4.10122559  5.00512219 -2.8217582  -2.89803729]",9.938285722963463e+33
4,"[ 4.61851799  6.47872937  9.83626092 -2.80549083  0.03810848  8.69225862
  8.94876563  4.10122559  5.00512219 -2.8217582  -2.89803729]",9.938285722963463e+33
4,"[ 4.61851799  6.47872937  9.83626092 -2.80549083  0.03810848  8.69225862
  8.94876563  4.10122559  5.00512219 -2.8217582  -2.89803729]",9.938285722963463e+33
4,"[ 9.10256192 -2.0014652   7.72679856  5.62734278 -5.21764652  6.06651123
  5.25488033  3.12846965  4.14597352 -0.17460893 -3.13638176]",1.1600528450991705e+34
4,"[ 9.10256192 -2.0014652   7.72679856  5.62734278 -5.21764652  6.06651123
  5.25488033  3.12846965  4.14597352 -0.17460893 -3.13638176]",1.1600528450991705e+34
4,"[ 9.10256192 -2.0014652   7.72679856  5.62734278 -5.21764652  6.06651123
  5.25488033  3.12846965  4.14597352 -0.17460893 -3.13638176]",1.1600528450991705e+34
4,"[ 9.10256192 -2.0014652   7.72679856  5.62734278 -5.21764652  6.06651123
  5.25488033  3.12846965  4.14597352 -0.17460893 -3.13638176]",1.1600528450991705e+34
4,"[ 7.70492258  2.83651994 -1.28615698 -3.42970982 -9.5743565   5.43976602
  0.84324545  7.90200962 -9.83342913  9.72325017  3.53621014]",1.4923833707854685e+34
4,"[ 7.70492258  2.83651994 -1.28615698 -3.42970982 -9.5743565   5.43976602
  0.84324545  7.90200962 -9.83342913  9.72325017  3.53621014]",1.4923833707854685e+34
4,"[ 7.70492258  2.83651994 -1.28615698 -3.42970982 -9.5743565   5.43976602
  0.84324545  7.90200962 -9.83342913  9.72325017  3.53621014]",1.4923833707854685e+34
4,"[ 7.70492258  2.83651994 -1.28615698 -3.42970982 -9.5743565   5.43976602
  0.84324545  7.90200962 -9.83342913  9.72325017  3.53621014]",1.4923833707854685e+34
4,"[ 7.70492258  2.83651994 -1.28615698 -3.42970982 -9.5743565   5.43976602
  0.84324545  7.90200962 -9.83342913  9.72325017  3.53621014]",1.4923833707854685e+34
4,"[ 3.66836309e+00  4.14679512e+00 -6.21194106e+00  3.31105917e-01
 -1.66385135e+00  6.75672267e-02  9.77780724e+00  1.06679737e+00
  9.71389426e+00  4.16149250e-11 -3.86276104e+00]",1.7573150244919882e+34
4,"[ 3.66836309e+00  4.14679512e+00 -6.21194106e+00  3.31105917e-01
 -1.66385135e+00  6.75672267e-02  9.77780724e+00  1.06679737e+00
  9.71389426e+00  4.16149250e-11 -3.86276104e+00]",1.7573150244919882e+34
4,"[ 7.13714273 -3.36998273 -1.80841234 -2.55002828 -6.91969931  4.60818929
 -1.1366398   2.27397659 -6.15721373 -4.78346523  3.96069788]",1.8422556317638347e+34
4,"[ 7.13714273 -3.36998273 -1.80841234 -2.55002828 -6.91969931  4.60818929
 -1.1366398   2.27397659 -6.15721373 -4.78346523  3.96069788]",1.8422556317638347e+34
4,"[ 7.13714273 -3.36998273 -1.80841234 -2.55002828 -6.91969931  4.60818929
 -1.1366398   2.27397659 -6.15721373 -4.78346523  3.96069788]",1.8422556317638347e+34
4,"[ 7.13714273 -3.36998273 -1.80841234 -2.55002828 -6.91969931  4.60818929
 -1.1366398   2.27397659 -6.15721373 -4.78346523  3.96069788]",1.8422556317638347e+34
4,"[ 7.13714273 -3.36998273 -1.80841234 -2.55002828 -6.91969931  4.60818929
 -1.1366398   2.27397659 -6.15721373 -4.78346523  3.96069788]",1.8422556317638347e+34
4,"[ 7.13714273 -3.36998273 -1.80841234 -2.55002828 -6.91969931  4.60818929
 -1.1366398   2.27397659 -6.15721373 -4.78346523  3.96069788]",1.8422556317638347e+34
4,"[ 3.96833259e+00  5.34360650e+00  1.49666981e-02  1.66555019e-01
 -4.22064950e+00  8.13236610e-05 -4.46051922e+00  1.39250370e+00
  8.30465822e+00  5.25392637e+00 -4.11153245e+00]",1.9840387859470423e+34
4,"[ 3.96833259e+00  5.34360650e+00  1.49666981e-02  1.66555019e-01
 -4.22064950e+00  8.13236610e-05 -4.46051922e+00  1.39250370e+00
  8.30465822e+00  5.25392637e+00 -4.11153245e+00]",1.9840387859470423e+34
4,"[ 3.96833259e+00  5.34360650e+00  1.49666981e-02  1.66555019e-01
 -4.22064950e+00  8.13236610e-05 -4.46051922e+00  1.39250370e+00
  8.30465822e+00  5.25392637e+00 -4.11153245e+00]",1.9840387859470423e+34
4,"[ 3.96833259e+00  5.34360650e+00  1.49666981e-02  1.66555019e-01
 -4.22064950e+00  8.13236610e-05 -4.46051922e+00  1.39250370e+00
  8.30465822e+00  5.25392637e+00 -4.11153245e+00]",1.9840387859470423e+34
4,"[ 3.96833259e+00  5.34360650e+00  1.49666981e-02  1.66555019e-01
 -4.22064950e+00  8.13236610e-05 -4.46051922e+00  1.39250370e+00
  8.30465822e+00  5.25392637e+00 -4.11153245e+00]",1.9840387859470423e+34
4,"[ 3.96833259e+00  5.34360650e+00  1.49666981e-02  1.66555019e-01
 -4.22064950e+00  8.13236610e-05 -4.46051922e+00  1.39250370e+00
  8.30465822e+00  5.25392637e+00 -4.11153245e+00]",1.9840387859470423e+34
4,"[-4.38717499 -3.05847055 -0.45228219  4.89462029 -6.55849557 -4.64084925
  2.92465204  5.21217433  6.57625078  9.39677204  4.30934554]",2.217628033816986e+34
4,"[-4.38717499 -3.05847055 -0.45228219  4.89462029 -6.55849557 -4.64084925
  2.92465204  5.21217433  6.57625078  9.39677204  4.30934554]",2.217628033816986e+34
4,"[-4.38717499 -3.05847055 -0.45228219  4.89462029 -6.55849557 -4.64084925
  2.92465204  5.21217433  6.57625078  9.39677204  4.30934554]",2.217628033816986e+34
4,"[-4.38717499 -3.05847055 -0.45228219  4.89462029 -6.55849557 -4.64084925
  2.92465204  5.21217433  6.57625078  9.39677204  4.30934554]",2.217628033816986e+34
4,"[-5.19407992e+00 -8.23793627e+00 -8.86589327e+00 -3.62472995e-03
  9.86255336e+00  8.13236610e-05  4.88329237e+00  8.63081463e+00
  2.79487656e+00  5.33344798e+00  4.77215357e+00]",2.702391028711033e+34
4,"[-5.19407992e+00 -8.23793627e+00 -8.86589327e+00 -3.62472995e-03
  9.86255336e+00  8.13236610e-05  4.88329237e+00  8.63081463e+00
  2.79487656e+00  5.33344798e+00  4.77215357e+00]",2.702391028711033e+34
4,"[-5.19407992e+00 -8.23793627e+00 -8.86589327e+00 -3.62472995e-03
  9.86255336e+00  8.13236610e-05  4.88329237e+00  8.63081463e+00
  2.79487656e+00  5.33344798e+00  4.77215357e+00]",2.702391028711033e+34
4,"[-5.19407992e+00 -8.23793627e+00 -8.86589327e+00 -3.62472995e-03
  9.86255336e+00  8.13236610e-05  4.88329237e+00  8.63081463e+00
  2.79487656e+00  5.33344798e+00  4.77215357e+00]",2.702391028711033e+34
4,"[-5.19407992e+00 -8.23793627e+00 -8.86589327e+00 -3.62472995e-03
  9.86255336e+00  8.13236610e-05  4.88329237e+00  8.63081463e+00
  2.79487656e+00  5.33344798e+00  4.77215357e+00]",2.702391028711033e+34
4,"[ 5.68702476 -5.03173623 -6.13900655 -7.56978258  3.52769786 -9.96039841
  6.18637029 -8.31635539  7.18675952  3.13076151  5.18478891]",3.1849822037969087e+34
4,"[ 5.68702476 -5.03173623 -6.13900655 -7.56978258  3.52769786 -9.96039841
  6.18637029 -8.31635539  7.18675952  3.13076151  5.18478891]",3.1849822037969087e+34
4,"[ 5.68702476 -5.03173623 -6.13900655 -7.56978258  3.52769786 -9.96039841
  6.18637029 -8.31635539  7.18675952  3.13076151  5.18478891]",3.1849822037969087e+34
4,"[ 5.68702476 -5.03173623 -6.13900655 -7.56978258  3.52769786 -9.96039841
  6.18637029 -8.31635539  7.18675952  3.13076151  5.18478891]",3.1849822037969087e+34
4,"[ 5.68702476 -5.03173623 -6.13900655 -7.56978258  3.52769786 -9.96039841
  6.18637029 -8.31635539  7.18675952  3.13076151  5.18478891]",3.1849822037969087e+34
4,"[ 2.86959416e+00  9.49208427e-01 -2.80994016e+00  7.58433734e-01
 -9.51291718e+00  8.13236610e-05 -6.01876916e-05 -4.80343751e+00
  3.48409638e-08 -1.31384140e+00  5.62215913e+00]",3.728252257508783e+34
4,"[ 2.86959416e+00  9.49208427e-01 -2.80994016e+00  7.58433734e-01
 -9.51291718e+00  8.13236610e-05 -6.01876916e-05 -4.80343751e+00
  3.48409638e-08 -1.31384140e+00  5.62215913e+00]",3.728252257508783e+34
4,"[ 2.86959416e+00  9.49208427e-01 -2.80994016e+00  7.58433734e-01
 -9.51291718e+00  8.13236610e-05 -6.01876916e-05 -4.80343751e+00
  3.48409638e-08 -1.31384140e+00  5.62215913e+00]",3.728252257508783e+34
4,"[ 5.78437302  8.69173326 -0.58682986 -0.16458433 -8.72036629 -3.01369909
  3.21705673  0.78994477  6.91519514  4.3551734   6.24756981]",4.625188458045344e+34
4,"[ 5.78437302  8.69173326 -0.58682986 -0.16458433 -8.72036629 -3.01369909
  3.21705673  0.78994477  6.91519514  4.3551734   6.24756981]",4.625188458045344e+34
4,"[ 5.78437302  8.69173326 -0.58682986 -0.16458433 -8.72036629 -3.01369909
  3.21705673  0.78994477  6.91519514  4.3551734   6.24756981]",4.625188458045344e+34
4,"[ 9.02002398e+00  5.25525640e+00 -6.21194106e+00  6.09601871e+00
 -9.16476443e+00 -3.08337889e+00 -6.52207099e-01 -9.87046352e+00
  3.48409638e-08 -9.54339076e+00 -6.85738616e+00]",5.584351291160447e+34
4,"[-1.02036136 -6.57161089  2.57298037 -7.16589645  0.03810848 -5.96983333
  8.73558973 -6.85030518 -5.69302383  0.18277747 -7.63622653]",6.887777558227527e+34
4,"[-1.02036136 -6.57161089  2.57298037 -7.16589645  0.03810848 -5.96983333
  8.73558973 -6.85030518 -5.69302383  0.18277747 -7.63622653]",6.887777558227527e+34
4,"[-1.02036136 -6.57161089  2.57298037 -7.16589645  0.03810848 -5.96983333
  8.73558973 -6.85030518 -5.69302383  0.18277747 -7.63622653]",6.887777558227527e+34
4,"[-1.02036136 -6.57161089  2.57298037 -7.16589645  0.03810848 -5.96983333
  8.73558973 -6.85030518 -5.69302383  0.18277747 -7.63622653]",6.887777558227527e+34
